Κωδικός;Όνομα;ΑΦΜ;Υπόλοιπο;Χώρα;Καθεστώς Φ.Π.Α.;Λογ. Κατηγορία;Όνομα - Επάγγελμα;Χρέωση;Πίστωση;Τζίρος
ΠΕΛΑ-00000345;YIAYIA AND FRIENDS US;93-3371222;271.796,04;United States of America;Τρίτων Χωρών;Πελάτες εξωτερικού ΤΧ;;271.796,04;0,00;266.054,50
ΠΕΛΑ-00000457;Somuch Co., Ltd;24490029;214,00;Taiwan;Τρίτων Χωρών;Πελάτες εξωτερικού ΤΧ;;44.511,60;44.297,60;44.511,60
ΠΕΛΑ-00000496;FRAPORT ΕΤΑΙΡΕΙΑ ΔΙΑΧΕΙΡΙΣΗΣ ΤΩΝ ΠΕΡΙΦΕΡΕΙΑΚΩΝ ΑΕΡΟΔΡΟΜΙΩΝ ΤΗΣ ΕΛΛΑΔΑΣ ΑΝΩΝΥΜΗ ΕΤΑΙΡΕΙΑ;800696885;0,00;Ελλάδα;Κανονικό Καθεστώς;Πελάτες εσωτερικού;;0,00;0,00;0,00
ΠΕΛΑ-00000658;Lieblingsstück Conceptstore & Onlineshop;328712422;0,00;Germany;Ενδοκοινοτικό;Πελάτες εξωτερικού ΕΕ;;589,15;589,15;518,16
ΠΕΛΑ-00000659;Sonnberg pharmacy KG;68268402;0,00;Austria;Ενδοκοινοτικό;Πελάτες εξωτερικού ΕΕ;;592,27;592,27;490,83
ΠΕΛΑ-00000662;Fonetik CommV;1001072266;602,04;Belgium;Ενδοκοινοτικό;Πελάτες εξωτερικού ΕΕ;;2.948,51;2.346,47;2.753,20
ΠΕΛΑ-00000666;Alini Fashion&Lifestyle;305181061;0,00;Germany;Ενδοκοινοτικό;Πελάτες εξωτερικού ΕΕ;;376,65;376,65;329,85
ΠΕΛΑ-00000667;Marco Simonis;68723615;0,00;Austria;Ενδοκοινοτικό;Πελάτες εξωτερικού ΕΕ;;370,38;370,38;316,98
ΠΕΛΑ-00000668;Swedish Pepper;559480124201;0,00;Sweden;Ενδοκοινοτικό;Πελάτες εξωτερικού ΕΕ;;448,36;448,36;391,57
ΠΕΛΑ-00000669;Club Geluk;0778459642;0,00;Belgium;Ενδοκοινοτικό;Πελάτες εξωτερικού ΕΕ;;731,23;731,23;654,84
ΠΕΛΑ-00000670;Lot Love Our Things;821264229B01;0,00;Netherlands;Ενδοκοινοτικό;Πελάτες εξωτερικού ΕΕ;;243,10;243,10;200,50
ΠΕΛΑ-00000671;Live-winkel;NL858590311B01;0,00;Netherlands;Ενδοκοινοτικό;Πελάτες εξωτερικού ΕΕ;;749,19;749,19;659,56
ΠΕΛΑ-00000715;Germaine Collard;0437289163;0,00;Belgium;Ενδοκοινοτικό;Πελάτες εξωτερικού ΕΕ;;1.818,10;1.818,10;1.524,60
ΠΕΛΑ-00000716;VONUNS GBR;281250903;0,00;Germany;Ενδοκοινοτικό;Πελάτες εξωτερικού ΕΕ;;268,40;268,40;237,60
ΠΕΛΑ-00000717;French Blossom;57531381341;0,00;France;Ενδοκοινοτικό;Πελάτες εξωτερικού ΕΕ;;353,00;353,00;321,00
ΠΕΛΑ-00000729;LMAT;00979006640;64,20;France;Ενδοκοινοτικό;Πελάτες εξωτερικού ΕΕ;;419,20;355,00;385,20
ΠΕΛΑ-00000730;abovo;234442199;35,68;Germany;Ενδοκοινοτικό;Πελάτες εξωτερικού ΕΕ;;593,28;557,60;531,60
ΠΕΛΑ-00000732;Speciaalbier cafe De Markies;000000000;0,00;Netherlands;OSS Netherlands;Πελάτες λιανικής OSS;;282,06;282,06;201,60
ΠΕΛΑ-00000733;AniMoh;304521586;0,00;Germany;Ενδοκοινοτικό;Πελάτες εξωτερικού ΕΕ;;178,00;178,00;150,00
ΠΕΛΑ-00000734;Pizzapappa;991805524;0,00;Norway;Τρίτων Χωρών;Πελάτες εξωτερικού ΤΧ;;265,60;265,60;209,96
ΠΕΛΑ-00000735;Rusticbois;50950310888;0,00;France;Ενδοκοινοτικό;Πελάτες εξωτερικού ΕΕ;;1.130,80;1.130,80;1.030,80
ΠΕΛΑ-00000745;JANULI;815573800;0,00;Germany;Ενδοκοινοτικό;Πελάτες εξωτερικού ΕΕ;;580,46;580,46;503,40
ΠΕΛΑ-00000746;Café La Perrière;53953300332;0,00;France;Ενδοκοινοτικό;Πελάτες εξωτερικού ΕΕ;;209,00;209,00;177,00
ΠΕΛΑ-00000790;SCHEE GmbH;DE304700744;642,60;Germany;Ενδοκοινοτικό;Πελάτες εξωτερικού ΕΕ;;642,60;0,00;642,60
ΠΕΛΑ-00000002;ΕΡΓΟΝ ΤΡΟΦΙΜΑ ΑΝΩΝΥΜΗ ΕΤΑΙΡΙΑ;998075983;0,00;Ελλάδα;Κανονικό Καθεστώς;Πελάτες εσωτερικού;ΕΜΠΟΡΙΟ ΤΡΟΦΙΜΩΝ;0,00;0,00;0,00
ΠΕΛΑ-00000003;THE COOL HUNTER;72143797844;0,00;Australia;Τρίτων Χωρών;Πελάτες εξωτερικού ΤΧ;;0,00;0,00;0,00
ΠΕΛΑ-00000004;Μ. ΣΙΔΕΡΙΔΟΥ - Κ.ΓΡΗΓΟΡΙΑΔΗΣ Ε.Ε.;801045515;0,00;Ελλάδα;Κανονικό Καθεστώς;Πελάτες εσωτερικού;ΕΜΠΟΡΙΟ ΤΡΟΦΙΜΩΝ;0,00;0,00;0,00
ΠΕΛΑ-00000005;LEMONI STORE;273708270;0,00;Germany;Ενδοκοινοτικό;Πελάτες εξωτερικού ΕΕ;ΕΜΠΟΡΙΟ;0,00;0,00;0,00
ΠΕΛΑ-00000006;THE CONRAN SHOP;497603508;0,00;Great Britain;Τρίτων Χωρών;Πελάτες εξωτερικού ΤΧ;ΕΜΠΟΡΙΟ;0,00;0,00;0,00
ΠΕΛΑ-00000007;DAFNE FOODS OY;30170983;0,00;Finland;Ενδοκοινοτικό;Πελάτες εξωτερικού ΕΕ;ΕΜΠΟΡΙΟ ΤΡΟΦΙΜΩΝ;0,00;0,00;0,00
ΠΕΛΑ-00000008;CLUBMAN e.K.;814998177;0,00;Germany;Ενδοκοινοτικό;Πελάτες εξωτερικού ΕΕ;;0,00;0,00;0,00
ΠΕΛΑ-00000009;COOL CAT LIMITED;44171 12734;0,00;Great Britain;Τρίτων Χωρών;Πελάτες εξωτερικού ΤΧ;;0,00;0,00;0,00
ΠΕΛΑ-00000010;GREEKTERRAFOODS - SEMITSOGLOU IOANNIS;490582710B01;0,00;Netherlands;Ενδοκοινοτικό;Πελάτες εξωτερικού ΕΕ;;0,00;0,00;0,00
ΠΕΛΑ-00000011;SAM & GEO LTDT/A PLATO;283494372;0,00;Great Britain;Τρίτων Χωρών;Πελάτες εξωτερικού ΤΧ;;0,00;0,00;0,00
ΠΕΛΑ-00000012;TOP CUVEE;328394871;0,00;Great Britain;Τρίτων Χωρών;Πελάτες εξωτερικού ΤΧ;;0,00;0,00;0,00
ΠΕΛΑ-00000013;HET OLIJFLAB;856343407B01;0,00;Netherlands;Ενδοκοινοτικό;Πελάτες εξωτερικού ΕΕ;;0,00;0,00;0,00
ΠΕΛΑ-00000014;THE ODDS-SCREAMS ICE CREAMS LTD;324734508;0,00;Great Britain;Τρίτων Χωρών;Πελάτες εξωτερικού ΤΧ;;0,00;0,00;0,00
ΠΕΛΑ-00000015;NETWORK CAFE;3411507HH;0,00;Ireland;Ενδοκοινοτικό;Πελάτες εξωτερικού ΕΕ;;0,00;0,00;0,00
ΠΕΛΑ-00000016;MERKEN FOOD & DRINKS S.R.L.;38856222;0,00;Romania;Ενδοκοινοτικό;Πελάτες εξωτερικού ΕΕ;;0,00;0,00;0,00
ΠΕΛΑ-00000017;HELLENIC FARMS LLC;46-2430591;56.113,18;United States of America;Τρίτων Χωρών;Πελάτες εξωτερικού ΤΧ;;281.026,60;224.913,42;281.026,60
ΠΕΛΑ-00000018;BENCH BAR RESTAURANT;322049242;0,00;Great Britain;Τρίτων Χωρών;Πελάτες εξωτερικού ΤΧ;;0,00;0,00;0,00
ΠΕΛΑ-00000019;MENEXE WINE & FOOD LTD;10362805G;0,00;Cyprus;Ενδοκοινοτικό;Πελάτες εξωτερικού ΕΕ;;0,00;0,00;0,00
ΠΕΛΑ-00000020;MILK WOOD CONCEPT STORE;815729557;0,00;Germany;Ενδοκοινοτικό;Πελάτες εξωτερικού ΕΕ;;1.057,68;1.057,68;484,77
ΠΕΛΑ-00000021;HEN'S TEETH;3463869MH;0,00;Ireland;Ενδοκοινοτικό;Πελάτες εξωτερικού ΕΕ;;0,00;0,00;0,00
ΠΕΛΑ-00000022;ARNO & CO;;0,00;Great Britain;Κανονικό Καθεστώς;Πελάτες λιανικής;;0,00;0,00;0,00
ΠΕΛΑ-00000023;STELLA & CO PTY LTD;11631535398;0,00;Australia;Τρίτων Χωρών;Πελάτες εξωτερικού ΤΧ;;0,00;0,00;0,00
ΠΕΛΑ-00000024;SARL CARABRO20;67892982083;0,00;France;Ενδοκοινοτικό;Πελάτες εξωτερικού ΕΕ;;0,00;0,00;0,00
ΠΕΛΑ-00000025;BOUIBOUISHOP;;0,00;France;Ενδοκοινοτικό;Πελάτες εξωτερικού ΕΕ;ΕΜΠΟΡΙΟ;0,00;0,00;0,00
ΠΕΛΑ-00000026;BAITASTIC OÜ;328691866;0,00;Germany;Ενδοκοινοτικό;Πελάτες εξωτερικού ΕΕ;;0,00;0,00;0,00
ΠΕΛΑ-00000027;PERSONALLYPICKED;40 646 360 527;0,00;Australia;Τρίτων Χωρών;Πελάτες εξωτερικού ΤΧ;;0,00;0,00;0,00
ΠΕΛΑ-00000028;ELLINIKO;859245883B01;0,00;Switzerland;Τρίτων Χωρών;Πελάτες εξωτερικού ΤΧ;;0,00;0,00;0,00
ΠΕΛΑ-00000029;LIACONDAR LTD -THE BERNARD SHAW;9693452K;0,00;Ireland;Ενδοκοινοτικό;Πελάτες εξωτερικού ΕΕ;;0,00;0,00;0,00
ΠΕΛΑ-00000030;ΓΡΗΓΟΡΟΠΟΥΛΟΥ ΑΙΚΑΤΕΡΙΝΗ ΑΡΙΣΤΟΜΕΝΗΣ-A Future perfect;132560572;0,00;Ελλάδα;Κανονικό Καθεστώς;Πελάτες εσωτερικού;;0,00;0,00;0,00
ΠΕΛΑ-00000031;ΣΠΥΡΙΔΩΝΙΔΟΥ ΘΕΟΔΩΡΑ ΣΤΥΛΙΑΝΟΣ;117635025;-8,56;Ελλάδα;Κανονικό Καθεστώς;Πελάτες εσωτερικού;ΠΑΝΤΟΠΩΛΕΙΟ;1.083,65;1.092,21;898,03
ΠΕΛΑ-00000032;ΤΣΙΛΗΣ ΓΕΩΡΓΙΟΣ-NOMEE FOODS;143552485;2.203,52;Ελλάδα;Κανονικό Καθεστώς;Πελάτες εσωτερικού;ΥΠΗΡΕΣΙΕΣ ΠΑΡΟΧΗΣ ΣΥΜΒΟΥΛΩΝ ΣΕ ΘΕΜΑΤΑ ΜΑΡΚΕΤΙΓΚ;2.203,52;0,00;0,00
ΠΕΛΑ-00000033;ΚΑΝΙΔΗΣ ΔΗΜΗΤΡΙΟΣ ΣΤΥΛΙΑΝΟΣ-PRICKLEY BEAR;153626310;0,00;Ελλάδα;Ειδικό Καθεστώς;Πελάτες εσωτερικού;;0,00;0,00;0,00
ΠΕΛΑ-00000034;ΣΑΚΕΛΛΑΡΙΟΥ ΛΕΩΝΙΔΑΣ ΠΑΝΑΓΙΩΤΗΣ;070562420;0,00;Ελλάδα;Κανονικό Καθεστώς;Πελάτες εσωτερικού;ΕΜΠΟΡΙΟ ΤΡΟΦΙΜΩΝ;0,00;0,00;0,00
ΠΕΛΑ-00000035;BEYOND LEISURE Ι.Κ.Ε.;801248853;0,00;Ελλάδα;Κανονικό Καθεστώς;Πελάτες εσωτερικού;;0,00;0,00;0,00
ΠΕΛΑ-00000036;ΠΑΛΑΙΟΘΟΔΩΡΟΥ ΚΩΝΣΤΑΝΤΙΝΑ ΔΗΜΗΤΡΙΟΣ;063265318;0,00;Ελλάδα;Κανονικό Καθεστώς;Πελάτες εσωτερικού;ΕΜΠΟΡΙΟ ΤΟΥΡΙΣΤΙΚΩΝ ΕΙΔΩΝ;0,00;0,00;0,00
ΠΕΛΑ-00000037;Α ΦΛΟΥΣΚΑΚΟΣ & ΣΙΑ Ε.Ε.-SPEIRA;084048743;352,00;Ελλάδα;Κανονικό Καθεστώς;Πελάτες εσωτερικού;ΕΣΤΙΑΤΟΡΙΟ;352,00;0,00;0,00
ΠΕΛΑ-00000038;KYKLADES FOOD AND BEVERAGE Ι.Κ.Ε.;800949451;0,00;Ελλάδα;Ειδικό Καθεστώς;Πελάτες εσωτερικού;ΕΜΠΟΡΙΟ ΤΡΟΦΙΜΩΝ & ΠΟΤΩΝ;0,00;0,00;0,00
ΠΕΛΑ-00000039;ΛΥΜΠΕΡΟΠΟΥΛΟΥ ΑΝΝΑ ΠΑΝΑΓΙΩΤΗΣ-Charizma Concept Store;061046789;0,00;Ελλάδα;Κανονικό Καθεστώς;Πελάτες εσωτερικού;;0,00;0,00;0,00
ΠΕΛΑ-00000040;ΚΡΑΣΑΝΑΚΗΣ ΔΗΜΗΤΡΙΟΣ;047456528;0,00;Ελλάδα;Ειδικό Καθεστώς;Πελάτες εσωτερικού;ΕΣΤΙΑΤΟΡΙΟ;0,00;0,00;0,00
ΠΕΛΑ-00000041;ΚΑΤΣΑΝΟΣ ΔΗΜΗΤΡΙΟΣ ΝΙΚΟΛΑΟΣ;036031190;0,00;Ελλάδα;Κανονικό Καθεστώς;Πελάτες εσωτερικού;Χονδρικό εμπόριο ελαιολάδου;0,00;0,00;0,00
ΠΕΛΑ-00000042;MAΡAN ΓΑΣΤΡΟΝΟΜΙΑ ΕΜΠΟΡΙΟ ΠΟΤΩΝ & ΔΩΡΩΝ ΜΟΝ. Ε.Π.Ε.-AMADEUS;800513968;0,00;Ελλάδα;Κανονικό Καθεστώς;Πελάτες εσωτερικού;ΕΜΠΟΡΙΟ ΤΡΟΦΙΜΩΝ & ΠΟΤΩΝ;0,00;0,00;0,00
ΠΕΛΑ-00000043;ΠΑΛΙΚΡΟΥΣΗ ΕΥΑΓΓΕΛΙΑ ΛΑΖΑΡΟΣ;118506053;0,00;Ελλάδα;Κανονικό Καθεστώς;Πελάτες εσωτερικού;ΠΑΝΤΟΠΩΛΕΙΟ;0,00;0,00;0,00
ΠΕΛΑ-00000044;THE SHOPKEEPER & CO;10355565Y;0,00;Cyprus;Ενδοκοινοτικό;Πελάτες εξωτερικού ΕΕ;;0,00;0,00;0,00
ΠΕΛΑ-00000045;ODYSSEE FEINKOST;344407680;0,00;Germany;Ενδοκοινοτικό;Πελάτες εξωτερικού ΕΕ;;4.133,67;4.133,67;3.053,38
ΠΕΛΑ-00000046;Colorful Concepts Limited /CC٥EU;;0,00;Ireland;Ενδοκοινοτικό;Πελάτες εξωτερικού ΕΕ;;0,00;0,00;0,00
ΠΕΛΑ-00000047;Four Drop Pty Ltd;628 195 620;0,00;Australia;Τρίτων Χωρών;Πελάτες εξωτερικού ΤΧ;ΠΑΝΤΟΠΩΛΕΙΟ;0,00;0,00;0,00
ΠΕΛΑ-00000049;MARVELS FROM THE WORLD;356866941;0,00;Great Britain;Τρίτων Χωρών;Πελάτες εξωτερικού ΤΧ;ΕΜΠΟΡΙΟ ΤΡΟΦΙΜΩΝ & ΠΟΤΩΝ;0,00;0,00;0,00
ΠΕΛΑ-00000050;BOTTLE AND HOOP;318 630 596 73;0,00;Australia;Τρίτων Χωρών;Πελάτες εξωτερικού ΤΧ;ΕΜΠΟΡΙΟ ΤΡΟΦΙΜΩΝ;0,00;0,00;0,00
ΠΕΛΑ-00000054;Friarun Pty Ltd;52006975346;0,00;Australia;Τρίτων Χωρών;Πελάτες εξωτερικού ΤΧ;ΕΜΠΟΡΙΟ ΤΡΟΦΙΜΩΝ;0,00;0,00;0,00
ΠΕΛΑ-00000059;HELLENIC MUSEUM;11 129 013 305;0,00;Australia;Κανονικό Καθεστώς;Πελάτες εξωτερικού ΤΧ;ΕΜΠΟΡΙΟ ΤΟΥΡΙΣΤΙΚΩΝ ΕΙΔΩΝ;0,00;0,00;0,00
ΠΕΛΑ-00000062;ΤΟΥΡΙΣΤΙΚΑΙ ΕΠΙΧΕΙΡΗΣΕΙΣ ΔΡΗΡΟΣ Α Ε;094068798;0,00;Ελλάδα;Κανονικό Καθεστώς;Πελάτες εσωτερικού;ΞΕΝ. ΤΟΥΡ. ΕΠΙΧΕΙΡΗΣΕΙΣ;0,00;0,00;0,00
ΠΕΛΑ-00000066;ΣΥΣΤΗΜΑΤΑ ΑΥΤΟΜΑΤΙΣΜΟΥ ΕΛΛΑΔΟΣ ΑΝΩΝΥΜΗ ΕΤΑΙΡΕΙΑ;095636189;0,00;Ελλάδα;Κανονικό Καθεστώς;Πελάτες εσωτερικού;ΤΕΧΝΙΚΗ ΕΡΓΟΛΗΠΤΙΚΗ;0,00;0,00;0,00
ΠΕΛΑ-00000070;Innovius EE;800723947;168,65;Ελλάδα;Κανονικό Καθεστώς;Πελάτες εσωτερικού;ΠΑΝΤΟΠΩΛΕΙΟ;168,65;0,00;0,00
ΠΕΛΑ-00000068;Retail Customer PO;000000000;0,00;Poland;OSS Poland;Πελάτες λιανικής OSS;;661,95;661,95;528,98
ΠΕΛΑ-00000069;Gaia Deli EE;801799509;168,65;Ελλάδα;Κανονικό Καθεστώς;Πελάτες εσωτερικού;ΕΜΠΟΡΙΟ ΤΡΟΦΙΜΩΝ;168,65;0,00;0,00
ΠΕΛΑ-00000072;ΝΕΑ ΑΚΤΗ ΠΟΡΤΕΣ;997545300;0,00;Ελλάδα;Κανονικό Καθεστώς;Πελάτες εσωτερικού;ΞΕΝ. ΤΟΥΡ. ΕΠΙΧΕΙΡΗΣΕΙΣ;0,00;0,00;0,00
ΠΕΛΑ-00000074;FRESH MARKET AE;801389270;27,12;Ελλάδα;Κανονικό Καθεστώς;Πελάτες εσωτερικού;ΕΜΠΟΡΙΟ ΤΡΟΦΙΜΩΝ & ΠΟΤΩΝ;27,12;0,00;0,00
ΠΕΛΑ-00000075;ΑΓΑΝΤΑ ΡΟΥΣΣΟΣ-ΠΕΤΡΟΥ Ο.Ε.;801757229;0,00;Ελλάδα;Κανονικό Καθεστώς;Πελάτες εσωτερικού;ΕΜΠΟΡΙΟ ΤΡΟΦΙΜΩΝ;0,00;0,00;0,00
ΠΕΛΑ-00000077;ΑΦΟΙ ΜΑΡΚΑΚΗ ΟΕ;099583945;0,00;Ελλάδα;Κανονικό Καθεστώς;Πελάτες εσωτερικού;ΠΑΝΤΟΠΩΛΕΙΟ;0,00;0,00;0,00
ΠΕΛΑ-00000078;Kilgour St Grocer;000000000;0,00;Australia;Τρίτων Χωρών;Πελάτες εξωτερικού ΤΧ;ΕΜΠΟΡΙΟ ΤΡΟΦΙΜΩΝ & ΠΟΤΩΝ;0,00;0,00;0,00
ΠΕΛΑ-00000079;DONKEY HOTELS ΑΝΩΝΥΜΗ ΕΤΑΙΡΕΙΑ;094032187;0,00;Ελλάδα;Κανονικό Καθεστώς;Πελάτες εσωτερικού;ΞΕΝ. ΤΟΥΡ. ΕΠΙΧΕΙΡΗΣΕΙΣ;0,00;0,00;0,00
ΠΕΛΑ-00000080;Retail Customer NE;000000000;0,00;Netherlands;OSS Netherlands;Πελάτες λιανικής OSS;;1.554,70;1.554,70;1.378,66
ΠΕΛΑ-00000081;Μ.ΤΣΑΤΣΑΡΩΝΑΚΗΣ ΚΑΙ ΣΙΑ ΟΕ;099696097;0,00;Ελλάδα;Κανονικό Καθεστώς;Πελάτες εσωτερικού;ΑΡΤΟΠΟΙΕΙΟ;0,00;0,00;0,00
ΠΕΛΑ-00000082;Stitch and Home (Jin-Sook Park);252195523;106,56;Germany;Ενδοκοινοτικό;Πελάτες εξωτερικού ΕΕ;Λιανικο εμπόριο;3.671,95;3.565,39;1.368,93
ΠΕΛΑ-00000083;Beriksson AB;559043-2612;0,00;Sweden;Ενδοκοινοτικό;Πελάτες εξωτερικού ΕΕ;ΕΜΠΟΡΙΟ;0,00;0,00;0,00
ΠΕΛΑ-00000084;ΝΙΚΟΛΟΥΔΑΚΗ ΑΘΗΝΑ ΓΕΩΡΓΙΟΣ;136441814;0,00;Ελλάδα;Κανονικό Καθεστώς;Πελάτες εσωτερικού;Λιανικο εμπόριο;0,00;0,00;0,00
ΠΕΛΑ-00000085;VERY VERY GOODS PTY LTD;50660774970;8.992,48;Australia;Τρίτων Χωρών;Πελάτες εξωτερικού ΤΧ;ΕΜΠΟΡΙΟ ΤΡΟΦΙΜΩΝ & ΠΟΤΩΝ;36.979,54;27.987,06;22.021,20
ΠΕΛΑ-00000088;Retail Customer BE;000000000;0,00;Belgium;OSS Belgium;Πελάτες λιανικής OSS;;3.634,49;3.634,49;3.327,30
ΠΕΛΑ-00000089;Retail Customer PR;000000000;0,00;Portugal;OSS Portugal;Πελάτες λιανικής OSS;;132,10;132,10;124,62
ΠΕΛΑ-00000090;Retail Customer SP;000000000;0,00;Spain;OSS Spain;Πελάτες λιανικής OSS;;273,74;273,74;248,85
ΠΕΛΑ-00000091;Violette Enterprises Ltd.;413 9313 16;0,00;United Kingdom;Τρίτων Χωρών;Πελάτες εξωτερικού ΤΧ;ΕΜΠΟΡΙΟ ΤΡΟΦΙΜΩΝ & ΠΟΤΩΝ;0,00;0,00;0,00
ΠΕΛΑ-00000092;GROCERY POST LIMITED;369598717;-575,00;United Kingdom;Τρίτων Χωρών;Πελάτες εξωτερικού ΤΧ;ΕΜΠΟΡΙΟ ΤΡΟΦΙΜΩΝ & ΠΟΤΩΝ;0,00;575,00;0,00
ΠΕΛΑ-00000093;Bottle Chop Ltd;416 5574 87;-32,19;United Kingdom;Τρίτων Χωρών;Πελάτες εξωτερικού ΤΧ;ΕΜΠΟΡΙΟ ΤΡΟΦΙΜΩΝ & ΠΟΤΩΝ;0,00;32,19;0,00
ΠΕΛΑ-00000094;Tandem;41881873020;36,30;France;Ενδοκοινοτικό;Πελάτες εξωτερικού ΕΕ;;1.857,22;1.820,92;1.553,97
ΠΕΛΑ-00000096;Air Bio Inc;173-81-00971;1.644,49;Korea;Τρίτων Χωρών;Πελάτες εξωτερικού ΤΧ;;1.644,49;0,00;0,00
ΠΕΛΑ-00000097;Retail Customer US;000000000;0,00;United States of America;Κανονικό Καθεστώς;Πελάτες εξωτερικού ΤΧ;;93,65;93,65;0,00
ΠΕΛΑ-00000098;Retail Customer LUX;000000000;0,00;Luxembourg;OSS Luxembourg;Πελάτες λιανικής OSS;;497,94;497,94;464,76
ΠΕΛΑ-00000099;REDISSA DIBOS SL;B73066458;0,00;Spain;Ενδοκοινοτικό;Πελάτες εξωτερικού ΕΕ;ΕΜΠΟΡΙΟ;0,00;0,00;0,00
ΠΕΛΑ-00000100;COOK & BAKER;351782294;0,00;United Kingdom;Τρίτων Χωρών;Πελάτες εξωτερικού ΤΧ;ΕΜΠΟΡΙΟ;0,00;0,00;0,00
ΠΕΛΑ-00000101;SISTER THE BRAND;308601364;0,00;Germany;Ενδοκοινοτικό;Πελάτες εξωτερικού ΕΕ;ΕΜΠΟΡΙΟ;0,00;0,00;0,00
ΠΕΛΑ-00000102;Retail Customer AUS;000000000;0,00;Austria;OSS Austria;Πελάτες λιανικής OSS;;2.816,35;2.816,35;2.462,69
ΠΕΛΑ-00000103;BEETJUICE Ε Ε;801808652;8.062,62;Ελλάδα;Κανονικό Καθεστώς;Πελάτες εσωτερικού;ΕΜΠΟΡΙΟ ΤΡΟΦΙΜΩΝ & ΠΟΤΩΝ;8.062,62;0,00;1.376,90
ΠΕΛΑ-00000104;PAPPSALON;296134686;0,00;Germany;Ενδοκοινοτικό;Πελάτες εξωτερικού ΕΕ;ΕΜΠΟΡΙΟ;0,00;0,00;0,00
ΠΕΛΑ-00000105;ΑΘΑΝΑΣΙΟΣ ΧΑΤΖΟΠΟΥΛΟΣ ΒΙΟΜΗΧΑΝΙΑ ΥΛΙΚΩΝ ΣΥΣΚΕΥΑΣΙΑΣ ΑΕ;094049563;0,00;Ελλάδα;Κανονικό Καθεστώς;Πελάτες εσωτερικού;ΕΜΠΟΡΙΟ;0,00;0,00;0,00
ΠΕΛΑ-00000106;COMMUNITY CUTLERY;413972884;0,00;United Kingdom;Τρίτων Χωρών;Πελάτες εξωτερικού ΤΧ;ΕΜΠΟΡΙΟ;0,00;0,00;0,00
ΠΕΛΑ-00000107;Retail Customer CY;000000000;0,00;Cyprus;OSS Cyprus;Πελάτες λιανικής OSS;;0,00;0,00;0,00
ΠΕΛΑ-00000108;ΧΡΥΣΑΝΘΟΣ ΚΑΙ ΜΑΝΩΛΗΣ ΑΓΓΕΛΑΚΗΣ ΟΕ/TIND;099457258;0,00;Ελλάδα;Κανονικό Καθεστώς;Πελάτες εσωτερικού;ΓΡΑΦΙΣΤΙΚΕΣ ΥΠΗΡΕΣΙΕΣ;0,00;0,00;0,00
ΠΕΛΑ-00000109;Olimpo-Food and Fun Unipessoal Lda;517044153;0,00;Portugal;Ενδοκοινοτικό;Πελάτες εξωτερικού ΕΕ;ΕΜΠΟΡΙΟ;0,00;0,00;0,00
ΠΕΛΑ-00000110;Nidum Store;861895460B01;0,00;Netherlands;Ενδοκοινοτικό;Πελάτες εξωτερικού ΕΕ;ΕΜΠΟΡΙΟ ΤΡΟΦΙΜΩΝ;0,00;0,00;0,00
ΠΕΛΑ-00000117;Maison Estelle;292473088;0,00;Great Britain;Τρίτων Χωρών;Πελάτες εξωτερικού ΤΧ;ΕΜΠΟΡΙΟ;0,00;0,00;0,00
ΠΕΛΑ-00000118;Company NC Ltd (t/a raye the store);394991923;0,00;Great Britain;Τρίτων Χωρών;Πελάτες εξωτερικού ΤΧ;ΕΜΠΟΡΙΟ;0,00;0,00;0,00
ΠΕΛΑ-00000119;Kentro Concept Store;DE814317418;0,00;Germany;Ενδοκοινοτικό;Πελάτες εξωτερικού ΕΕ;ΕΜΠΟΡΙΟ ΤΡΟΦΙΜΩΝ;0,00;0,00;0,00
ΠΕΛΑ-00000120;Retail Customer IRL;000000000;0,00;Ireland;OSS Ireland;Πελάτες λιανικής OSS;;761,50;761,50;656,95
ΠΕΛΑ-00000121;Karp & Krieger Handelswaren GmbH;263167666;0,00;Germany;Ενδοκοινοτικό;Πελάτες εξωτερικού ΕΕ;ΕΜΠΟΡΙΟ;0,00;0,00;0,00
ΠΕΛΑ-00000123;Bournes Fishmongers Ltd / ta Superette;287864634;0,00;Great Britain;Τρίτων Χωρών;Πελάτες εξωτερικού ΤΧ;ΕΜΠΟΡΙΟ;0,00;0,00;0,00
ΠΕΛΑ-00000124;Caillou shop;CHE-329.300.499;1.077,55;Switzerland;Τρίτων Χωρών;Πελάτες εξωτερικού ΤΧ;ΕΜΠΟΡΙΟ;1.077,55;0,00;950,80
ΠΕΛΑ-00000125;Fine Little Things;815476370;326,06;Germany;Ενδοκοινοτικό;Πελάτες εξωτερικού ΕΕ;ΕΜΠΟΡΙΟ;955,32;629,26;824,35
ΠΕΛΑ-00000126;ΚΩΝΣΤΑΝΤΙΝΟΣ ΠΟΤΟΥ – GROUP OF COMPANIES;038299822;0,00;Ελλάδα;Κανονικό Καθεστώς;Πελάτες εσωτερικού;;0,00;0,00;0,00
ΠΕΛΑ-00000127;VYNT Interior;355456677;0,00;Germany;Ενδοκοινοτικό;Πελάτες εξωτερικού ΕΕ;ΕΜΠΟΡΙΟ;1.109,25;1.109,25;990,16
ΠΕΛΑ-00000128;Luxury Fine Living Ltd;214012670;18.228,63;United Kingdom;Τρίτων Χωρών;Πελάτες εξωτερικού ΤΧ;;18.228,63;0,00;0,00
ΠΕΛΑ-00000129;LA FILLE DE ZORBA;813344975;0,00;France;Ενδοκοινοτικό;Πελάτες εξωτερικού ΕΕ;ΕΜΠΟΡΙΟ;0,00;0,00;0,00
ΠΕΛΑ-00000130;The Mindful Drinking Club;344342315;0,00;Germany;Ενδοκοινοτικό;Πελάτες εξωτερικού ΕΕ;Λιανικο εμπόριο;0,00;0,00;0,00
ΠΕΛΑ-00000131;BELLE OLIO;0685595505;0,00;Belgium;Ενδοκοινοτικό;Πελάτες εξωτερικού ΕΕ;Λιανικο εμπόριο;0,00;0,00;0,00
ΠΕΛΑ-00000132;MEATH STORES;3997014C;0,00;Ireland;Ενδοκοινοτικό;Πελάτες εξωτερικού ΕΕ;Λιανικο εμπόριο;0,00;0,00;0,00
ΠΕΛΑ-00000133;ESTELLE MANOR;292473088;0,00;United Kingdom;Τρίτων Χωρών;Πελάτες εξωτερικού ΤΧ;ΞΕΝ. ΤΟΥΡ. ΕΠΙΧΕΙΡΗΣΕΙΣ;0,00;0,00;0,00
ΠΕΛΑ-00000134;ΧΟΥΡΙ ΦΙΛΙΠΠΟΣ ΝΑΜΠΙΛ / FORGET ME NOT;059777167;108,48;Ελλάδα;Κανονικό Καθεστώς;Πελάτες εσωτερικού;;108,48;0,00;0,00
ΠΕΛΑ-00000135;LOU CONCEPT STORE;0504909447;0,00;Belgium;Ενδοκοινοτικό;Πελάτες εξωτερικού ΕΕ;ΕΜΠΟΡΙΟ;0,00;0,00;0,00
ΠΕΛΑ-00000136;HACKNEY LIFE LTD;373449964;0,00;United Kingdom;Τρίτων Χωρών;Πελάτες εξωτερικού ΤΧ;ΕΜΠΟΡΙΟ ΤΡΟΦΙΜΩΝ;0,00;0,00;0,00
ΠΕΛΑ-00000137;Retail Customer SE;000000000;0,00;Sweden;OSS Sweden;Πελάτες λιανικής OSS;;437,66;437,66;358,91
ΠΕΛΑ-00000138;POSTER E.E;801735089;0,00;Ελλάδα;Κανονικό Καθεστώς;Πελάτες εσωτερικού;ΕΣΤΙΑΤΟΡΙΟ;65,54;65,54;0,00
ΠΕΛΑ-00000139;NOVISORS Α Ε;801370987;0,00;Ελλάδα;Κανονικό Καθεστώς;Πελάτες εσωτερικού;;0,00;0,00;0,00
ΠΕΛΑ-00000141;Retail Customer DK;000000000;0,00;Denmark;OSS Denmark;Πελάτες λιανικής OSS;;417,52;417,52;304,16
ΠΕΛΑ-00000142;ΛΑΠΠΑ ΜΑΡΙΑΛΕΝΑ;160009253;0,00;Ελλάδα;Κανονικό Καθεστώς;Πελάτες εσωτερικού;ΕΜΠΟΡΙΟ;0,00;0,00;0,00
ΠΕΛΑ-00000144;ΤΖΟΥΜΑΣ ΘΕΟΔΩΡΟΣ ΠΑΡΑΣΧΟΣ;126751716;0,00;Ελλάδα;Κανονικό Καθεστώς;Πελάτες εσωτερικού;Υπηρεσίες παροχής γευμάτων από εστιατόριο;402,60;402,60;120,00
ΠΕΛΑ-00000145;Faire Wholesale;862511550B01;5.472,01;Netherlands;Ενδοκοινοτικό;Πελάτες εξωτερικού ΕΕ;;5.589,94;117,93;17.669,81
ΠΕΛΑ-00000146;PICKY Ι Κ Ε;801612145;0,00;Ελλάδα;Κανονικό Καθεστώς;Πελάτες εσωτερικού;;0,00;0,00;0,00
ΠΕΛΑ-00000147;Panzer&Turina GbR;349914923;-513,00;Germany;Ενδοκοινοτικό;Πελάτες εξωτερικού ΕΕ;ΕΜΠΟΡΙΟ;0,00;513,00;0,00
ΠΕΛΑ-00000148;CHAT NOIR;100979555;0,00;Switzerland;Τρίτων Χωρών;Πελάτες εξωτερικού ΤΧ;;0,00;0,00;0,00
ΠΕΛΑ-00000149;DIE HALLE Family Concept Store & Café;348522238;0,00;Germany;Ενδοκοινοτικό;Πελάτες εξωτερικού ΕΕ;Λιανικό εμπόριο;0,00;0,00;0,00
ΠΕΛΑ-00000150;Westerkaatje Caterer;821016945B01;-291,01;Netherlands;Ενδοκοινοτικό;Πελάτες εξωτερικού ΕΕ;ΕΜΠΟΡΙΟ;648,30;939,31;566,16
ΠΕΛΑ-00000151;&Open Gifts;81-1967258;0,00;United States of America;Τρίτων Χωρών;Πελάτες εξωτερικού ΤΧ;ΕΜΠΟΡΙΟ;0,00;0,00;0,00
ΠΕΛΑ-00000152;Retail Customer FL;000000000;0,00;Finland;OSS Finland;Πελάτες λιανικής OSS;;283,33;283,33;249,63
ΠΕΛΑ-00000153;HET FAIRE OOSTEN;856455015B01;908,75;Netherlands;Ενδοκοινοτικό;Πελάτες εξωτερικού ΕΕ;ΕΜΠΟΡΙΟ;908,75;0,00;0,00
ΠΕΛΑ-00000154;&Open Gifts Ltd;IE3463183BH;0,00;Ireland;Ενδοκοινοτικό;Πελάτες εξωτερικού ΕΕ;ΕΜΠΟΡΙΟ;2.880,80;2.880,80;2.620,80
ΠΕΛΑ-00000155;Retail customer LV;000000000;0,00;LATVIA;OSS LATVIA;Πελάτες λιανικής OSS;;0,00;0,00;0,00
ΠΕΛΑ-00000156;DE DRUKKERIJ B.V.;811395224B01;0,00;Netherlands;Ενδοκοινοτικό;Πελάτες εξωτερικού ΕΕ;;0,00;0,00;0,00
ΠΕΛΑ-00000157;Kaufhaus Mitte UG;815703880;0,00;Germany;Ενδοκοινοτικό;Πελάτες εξωτερικού ΕΕ;ΕΜΠΟΡΙΟ;0,00;0,00;0,00
ΠΕΛΑ-00000158;ELOUNDA BLU ΞΕΝΟΔΟΧΕΙΑΚΕΣ ΕΠΙΧΕΙΡΗΣΕΙΣ ΜΟΝΟΠΡΟΣΩΠΗ ΑΕ;094122771;0,00;Ελλάδα;Κανονικό Καθεστώς;Πελάτες εσωτερικού;;0,00;0,00;0,00
ΠΕΛΑ-00000159;ΔΟΜΕΣ ΚΕΡΚΥΡΑΣ ΑΝΩΝΥΜΗ ΤΟΥΡΙΣΤΙΚΗ ΞΕΝΟΔΟΧΕΙΑΚΗ ΚΑΙ ΕΜΠΟΡΙΚΗ ΕΤΑΙΡΙΑ;800965045;0,00;Ελλάδα;Κανονικό Καθεστώς;Πελάτες εσωτερικού;;0,00;0,00;0,00
ΠΕΛΑ-00000160;Bubi S.A.S. Di Pessina Marco E C.;04639830167;0,00;Italy;Ενδοκοινοτικό;Πελάτες εξωτερικού ΕΕ;ΕΜΠΟΡΙΟ;0,00;0,00;0,00
ΠΕΛΑ-00000161;Piggy's Kadoshop;001526267B34;0,00;Netherlands;Ενδοκοινοτικό;Πελάτες εξωτερικού ΕΕ;;0,00;0,00;0,00
ΠΕΛΑ-00000162;Strømbergs Nordic Style;128505624;0,00;Germany;Ενδοκοινοτικό;Πελάτες εξωτερικού ΕΕ;ΕΜΠΟΡΙΟ;0,00;0,00;0,00
ΠΕΛΑ-00000164;NU MO ΞΕΝΟΔΟΧΕΙΑΚΗ ΚΑΙ ΤΟΥΡΙΣΤΙΚΗ ΑΝΩΝΥΜΗ ΕΤΑΙΡΕΙΑ;801495679;0,00;Ελλάδα;Κανονικό Καθεστώς;Πελάτες εσωτερικού;ΞΕΝ. ΤΟΥΡ. ΕΠΙΧΕΙΡΗΣΕΙΣ;0,00;0,00;0,00
ΠΕΛΑ-00000165;LAST by 20thdesigns;38433062Q;0,00;Spain;Ενδοκοινοτικό;Πελάτες εξωτερικού ΕΕ;ΕΜΠΟΡΙΟ;0,00;0,00;0,00
ΠΕΛΑ-00000166;Morten Bjunes;41876069;0,00;Denmark;Ενδοκοινοτικό;Πελάτες εξωτερικού ΕΕ;ΕΜΠΟΡΙΟ;0,00;0,00;0,00
ΠΕΛΑ-00000167;Tipi Conceptstore;297932205;0,00;Germany;Ενδοκοινοτικό;Πελάτες εξωτερικού ΕΕ;ΕΜΠΟΡΙΟ;0,00;0,00;0,00
ΠΕΛΑ-00000168;ΚΩΤΗ ΚΡ ΓΟΓΑΛΗΣ Ι Ε Ε;800620307;0,00;Ελλάδα;Κανονικό Καθεστώς;Πελάτες εσωτερικού;Τελειοποίηση (φινίρισμα) υφαντουργικών προϊόντων;0,00;0,00;0,00
ΠΕΛΑ-00000169;Arken, Museum for moderne kunst;17837605;0,00;Denmark;Ενδοκοινοτικό;Πελάτες εξωτερικού ΕΕ;ΕΜΠΟΡΙΟ;0,00;0,00;0,00
ΠΕΛΑ-00000170;Α ΣΑΡΑΝΤΗΣ ΚΑΙ ΣΙΑ ΕΕ;082856044;0,00;Ελλάδα;Κανονικό Καθεστώς;Πελάτες εσωτερικού;;0,00;0,00;0,00
ΠΕΛΑ-00000171;Kleine Schwester;296199314;0,00;Germany;Ενδοκοινοτικό;Πελάτες εξωτερικού ΕΕ;ΕΜΠΟΡΙΟ;0,00;0,00;0,00
ΠΕΛΑ-00000172;Montpellier Café Solo;345295589905;0,00;France;Ενδοκοινοτικό;Πελάτες εξωτερικού ΕΕ;ΕΜΠΟΡΙΟ;0,00;0,00;0,00
ΠΕΛΑ-00000173;Retail Customer AU;00000000;0,00;Australia;Κανονικό Καθεστώς;Πελάτες εξωτερικού ΤΧ;;0,00;0,00;0,00
ΠΕΛΑ-00000175;nicenicenice;282251130;0,00;Germany;Ενδοκοινοτικό;Πελάτες εξωτερικού ΕΕ;ΕΜΠΟΡΙΟ;0,00;0,00;0,00
ΠΕΛΑ-00000176;Quartier172;347061015;0,00;Germany;Ενδοκοινοτικό;Πελάτες εξωτερικού ΕΕ;ΕΜΠΟΡΙΟ;368,82;368,82;304,30
ΠΕΛΑ-00000178;ΑΚΤΗ ΞΕΝΟΔΟΧΕΙΑΚΕΣ ΤΟΥΡΙΣΤΙΚΕΣ ΕΠΙΧΕΙΡΗΣΕΙΣ ΑΕ;099771606;740,64;Ελλάδα;Κανονικό Καθεστώς;Πελάτες εσωτερικού;ΞΕΝ. ΤΟΥΡ. ΕΠΙΧΕΙΡΗΣΕΙΣ;1.325,31;584,67;635,40
ΠΕΛΑ-00000180;BAZAR;69812997856;0,00;France;Ενδοκοινοτικό;Πελάτες εξωτερικού ΕΕ;ΕΜΠΟΡΙΟ;0,00;0,00;0,00
ΠΕΛΑ-00000181;esistfreitag Kreativagentur;274861788;0,00;Germany;Ενδοκοινοτικό;Πελάτες εξωτερικού ΕΕ;ΕΜΠΟΡΙΟ;0,00;0,00;0,00
ΠΕΛΑ-00000183;Dhondt;0865787950;0,00;Belgium;Ενδοκοινοτικό;Πελάτες εξωτερικού ΕΕ;ΕΜΠΟΡΙΟ;0,00;0,00;0,00
ΠΕΛΑ-00000186;Retail Customer HU;00000000;0,00;Hungary;OSS Hungary;Πελάτες λιανικής OSS;;166,44;166,44;135,66
ΠΕΛΑ-00000187;Blossom and Bloom Trading;159476;-68,70;Qatar;Τρίτων Χωρών;Πελάτες εξωτερικού ΤΧ;ΕΜΠΟΡΙΟ;0,00;68,70;0,00
ΠΕΛΑ-00000188;HEJ Store;815443095;0,00;Germany;Ενδοκοινοτικό;Πελάτες εξωτερικού ΕΕ;ΕΜΠΟΡΙΟ;0,00;0,00;0,00
ΠΕΛΑ-00000190;EFB Network s.r.o.;05748208;0,00;Czech Republic;Ενδοκοινοτικό;Πελάτες εξωτερικού ΕΕ;ΕΜΠΟΡΙΟ;0,00;0,00;0,00
ΠΕΛΑ-00000191;Retail Customer NOR;00000000;0,00;Norway;OSS Norway;Πελάτες λιανικής OSS;;0,00;0,00;0,00
ΠΕΛΑ-00000192;SB Trading;892 523 592;0,00;Norway;Τρίτων Χωρών;Πελάτες εξωτερικού ΤΧ;ΕΜΠΟΡΙΟ;0,00;0,00;0,00
ΠΕΛΑ-00000193;Bishop Store Enterprises;100042900;0,00;Belize;Τρίτων Χωρών;Πελάτες εξωτερικού ΤΧ;ΕΜΠΟΡΙΟ;0,00;0,00;0,00
ΠΕΛΑ-00000194;Poststrasse 22;CHE-429.081.961;0,00;Switzerland;Τρίτων Χωρών;Πελάτες εξωτερικού ΤΧ;ΕΜΠΟΡΙΟ;0,00;0,00;0,00
ΠΕΛΑ-00000195;Fotografiska Berlin GmbH;328976440;0,00;Germany;Ενδοκοινοτικό;Πελάτες εξωτερικού ΕΕ;ΕΜΠΟΡΙΟ;0,00;0,00;0,00
ΠΕΛΑ-00000196;Retail Customer CA;000000000;0,00;Canada;Τρίτων Χωρών;Πελάτες εξωτερικού ΤΧ;;0,00;0,00;0,00
ΠΕΛΑ-00000197;ΒΑΓΚΟΠΟΥΛΟΣ ΔΕΔΟΥΣΗΣ ΚΙΟΥΛΤΣΙΤΣΕΚΟΓΛΟΥ ΕΤΑΙΡΕΙΑ ΠΕΡΙΟΡΙΣΜΕΝΗΣ ΕΥΘΥΝΗΣ;095385243;0,00;Ελλάδα;Κανονικό Καθεστώς;Πελάτες εσωτερικού;;0,00;0,00;0,00
ΠΕΛΑ-00000200;VIELFACH;327639189;0,00;Germany;Ενδοκοινοτικό;Πελάτες εξωτερικού ΕΕ;ΕΜΠΟΡΙΟ;0,00;0,00;0,00
ΠΕΛΑ-00000201;Metzgerzehn;272535799;0,00;Germany;Ενδοκοινοτικό;Πελάτες εξωτερικού ΕΕ;ΕΜΠΟΡΙΟ;0,00;0,00;0,00
ΠΕΛΑ-00000202;Retail customer IT;000000000;0,00;Italy;OSS Italy;Πελάτες λιανικής OSS;;744,24;744,24;649,60
ΠΕΛΑ-00000205;Fox house Casa guilla;Y4076463-a;0,00;Spain;Κανονικό Καθεστώς;Πελάτες λιανικής OSS;ΕΜΠΟΡΙΟ ΤΟΥΡΙΣΤΙΚΩΝ ΕΙΔΩΝ;0,00;0,00;0,00
ΠΕΛΑ-00000206;Vegshelf UG (haftungsbeschränkt);328398511;0,00;Germany;Ενδοκοινοτικό;Πελάτες εξωτερικού ΕΕ;ΕΜΠΟΡΙΟ;0,00;0,00;0,00
ΠΕΛΑ-00000207;The Collectie Agenturen B.V.;58094814;0,00;Netherlands;Ενδοκοινοτικό;Πελάτες εξωτερικού ΕΕ;ΕΜΠΟΡΙΟ;0,00;0,00;0,00
ΠΕΛΑ-00000208;Things We Like;316515916;0,00;Germany;Ενδοκοινοτικό;Πελάτες εξωτερικού ΕΕ;ΕΜΠΟΡΙΟ;1.177,70;1.177,70;726,87
ΠΕΛΑ-00000209;Super Nice;275350923;428,69;Germany;Ενδοκοινοτικό;Πελάτες εξωτερικού ΕΕ;ΕΜΠΟΡΙΟ;1.349,13;920,44;1.207,66
ΠΕΛΑ-00000210;Retail Customer GE - &OPEN;000000000;0,00;Germany;OSS Germany;Πελάτες λιανικής OSS;;0,00;0,00;0,00
ΠΕΛΑ-00000211;Retail Customer IRL - &OPEN;00000000;0,00;Ireland;OSS Ireland;Πελάτες λιανικής OSS;;0,00;0,00;0,00
ΠΕΛΑ-00000212;FID SRLS;02878710355;0,00;Italy;Ενδοκοινοτικό;Πελάτες εξωτερικού ΕΕ;ΕΜΠΟΡΙΟ;0,00;0,00;0,00
ΠΕΛΑ-00000215;Retail Customer NE - &OPEN;000000000;0,00;Netherlands;OSS Netherlands;Πελάτες λιανικής OSS;;0,00;0,00;0,00
ΠΕΛΑ-00000218;La fille de zorba;34813344975;0,00;France;Ενδοκοινοτικό;Πελάτες εξωτερικού ΕΕ;ΕΜΠΟΡΙΟ;0,00;0,00;0,00
ΠΕΛΑ-00000219;Hedwig;815298512;0,00;Germany;Ενδοκοινοτικό;Πελάτες εξωτερικού ΕΕ;ΕΜΠΟΡΙΟ;0,00;0,00;0,00
ΠΕΛΑ-00000220;Trautmann GmbH;318280982;0,00;Germany;Ενδοκοινοτικό;Πελάτες εξωτερικού ΕΕ;ΕΜΠΟΡΙΟ;0,00;0,00;0,00
ΠΕΛΑ-00000221;Walbar SARL;29842912;0,00;Luxembourg;Ενδοκοινοτικό;Πελάτες εξωτερικού ΕΕ;ΕΜΠΟΡΙΟ;0,00;0,00;0,00
ΠΕΛΑ-00000223;Unser Onkel Store;288801056;0,00;Germany;Ενδοκοινοτικό;Πελάτες εξωτερικού ΕΕ;ΕΜΠΟΡΙΟ;0,00;0,00;0,00
ΠΕΛΑ-00000224;BALLONI GmbH;122794978;0,00;Germany;Ενδοκοινοτικό;Πελάτες εξωτερικού ΕΕ;ΕΜΠΟΡΙΟ;0,00;0,00;0,00
ΠΕΛΑ-00000225;ENTEN Ο Ε;801632224;0,00;Ελλάδα;Κανονικό Καθεστώς;Πελάτες εσωτερικού;Χονδρικό εμπόριο ειδών δώρων;0,00;0,00;0,00
ΠΕΛΑ-00000226;Retail Customer GR - &OPEN;000000000;0,00;Ελλάδα;Κανονικό Καθεστώς;Πελάτες λιανικής;;0,00;0,00;0,00
ΠΕΛΑ-00000227;Wora Dieter und Eveline Textilhandels OHG;193194267;0,00;Germany;Ενδοκοινοτικό;Πελάτες εξωτερικού ΕΕ;ΕΜΠΟΡΙΟ;0,00;0,00;0,00
ΠΕΛΑ-00000228;Bücher und mehr;U80011906;0,00;Austria;Ενδοκοινοτικό;Πελάτες εξωτερικού ΕΕ;ΕΜΠΟΡΙΟ;0,00;0,00;0,00
ΠΕΛΑ-00000229;Present & Paper;295867796;0,00;Germany;Ενδοκοινοτικό;Πελάτες εξωτερικού ΕΕ;ΕΜΠΟΡΙΟ;612,06;612,06;320,45
ΠΕΛΑ-00000230;Strauchdieb;300006868;0,00;Germany;Ενδοκοινοτικό;Πελάτες εξωτερικού ΕΕ;ΕΜΠΟΡΙΟ;0,00;0,00;0,00
ΠΕΛΑ-00000231;Dakabo Interior design;269131431;0,00;Germany;Ενδοκοινοτικό;Πελάτες εξωτερικού ΕΕ;ΕΜΠΟΡΙΟ;0,00;0,00;0,00
ΠΕΛΑ-00000232;Retail Customer RO;000000000;0,00;Romania;OSS Romania;Πελάτες λιανικής OSS;;0,00;0,00;0,00
ΠΕΛΑ-00000233;Retail Customer PO - &OPEN;000000000;0,00;Poland;OSS Poland;Πελάτες λιανικής OSS;;0,00;0,00;0,00
ΠΕΛΑ-00000234;Amante del vino Ltd;10404558S;0,00;Cyprus;Ενδοκοινοτικό;Πελάτες εξωτερικού ΕΕ;ΕΜΠΟΡΙΟ;0,00;0,00;0,00
ΠΕΛΑ-00000235;Petitetilda;347068919;0,00;Germany;Ενδοκοινοτικό;Πελάτες εξωτερικού ΕΕ;ΕΜΠΟΡΙΟ;0,00;0,00;0,00
ΠΕΛΑ-00000236;Retail customer HR;000000000;0,00;Croatia;OSS Croatia;Πελάτες λιανικής OSS;;261,30;261,30;248,86
ΠΕΛΑ-00000237;Enoteca Buca di Bacco;03032380309;0,00;Italy;Ενδοκοινοτικό;Πελάτες εξωτερικού ΕΕ;ΕΜΠΟΡΙΟ;0,00;0,00;0,00
ΠΕΛΑ-00000238;Le Petit Magasin;06352628366;0,00;France;Ενδοκοινοτικό;Πελάτες εξωτερικού ΕΕ;ΕΜΠΟΡΙΟ;0,00;0,00;0,00
ΠΕΛΑ-00000239;Marcy La petite epicerie en Provence LTD;93378710;0,00;Taiwan;Τρίτων Χωρών;Πελάτες εξωτερικού ΤΧ;ΕΜΠΟΡΙΟ;0,00;0,00;0,00
ΠΕΛΑ-00000240;Retail Customer SP - &OPEN;000000000;0,00;Spain;OSS Spain;Πελάτες λιανικής OSS;;0,00;0,00;0,00
ΠΕΛΑ-00000241;Kohi;363722663;0,00;Germany;Ενδοκοινοτικό;Πελάτες εξωτερικού ΕΕ;ΕΜΠΟΡΙΟ;0,00;0,00;0,00
ΠΕΛΑ-00000242;Sfragidopoulos Georgios;357304765;0,00;Germany;Ενδοκοινοτικό;Πελάτες εξωτερικού ΕΕ;ΕΜΠΟΡΙΟ;0,00;0,00;0,00
ΠΕΛΑ-00000243;Wallraf GmbH;292917237;0,00;Germany;Ενδοκοινοτικό;Πελάτες εξωτερικού ΕΕ;ΕΜΠΟΡΙΟ;0,00;0,00;0,00
ΠΕΛΑ-00000244;C&L partners Gmbh;352236985;0,00;Germany;Ενδοκοινοτικό;Πελάτες εξωτερικού ΕΕ;ΕΜΠΟΡΙΟ;0,00;0,00;0,00
ΠΕΛΑ-00000245;ADAR;65898361670;0,00;France;Ενδοκοινοτικό;Πελάτες εξωτερικού ΕΕ;ΕΜΠΟΡΙΟ;0,00;0,00;0,00
ΠΕΛΑ-00000246;Johanna & Lisa Inredning & Design i Kiruna AB;556970803401;-240,00;Sweden;Ενδοκοινοτικό;Πελάτες εξωτερικού ΕΕ;ΕΜΠΟΡΙΟ;0,00;240,00;0,00
ΠΕΛΑ-00000247;WILLA Berlin;262799112;0,00;Germany;Ενδοκοινοτικό;Πελάτες εξωτερικού ΕΕ;ΕΜΠΟΡΙΟ;439,20;439,20;0,00
ΠΕΛΑ-00000248;Philia Store UG;365403608;0,00;Germany;Ενδοκοινοτικό;Πελάτες εξωτερικού ΕΕ;ΕΜΠΟΡΙΟ;1.275,08;1.275,08;1.134,41
ΠΕΛΑ-00000249;Rose in april;80751532193;0,00;France;Ενδοκοινοτικό;Πελάτες εξωτερικού ΕΕ;ΕΜΠΟΡΙΟ;0,00;0,00;0,00
ΠΕΛΑ-00000250;MalinaStories e.K.;316689405;0,00;Germany;Ενδοκοινοτικό;Πελάτες εξωτερικού ΕΕ;ΕΜΠΟΡΙΟ;0,00;0,00;0,00
ΠΕΛΑ-00000252;HEESUN;9512589839;0,00;Poland;Ενδοκοινοτικό;Πελάτες εξωτερικού ΕΕ;ΕΜΠΟΡΙΟ;0,00;0,00;0,00
ΠΕΛΑ-00000253;Vignes et Vins;13489356626;0,00;France;Ενδοκοινοτικό;Πελάτες εξωτερικού ΕΕ;ΕΜΠΟΡΙΟ;0,00;0,00;0,00
ΠΕΛΑ-00000254;Retail Customer LT;;0,00;Lithuania;OSS Lithuania;Πελάτες λιανικής OSS;;0,00;0,00;0,00
ΠΕΛΑ-00000256;ΤΕΙΜ BLUE GR ΑΝΩΝΥΜΗ ΕΤΑΙΡΕΙΑ;094014077;0,00;Ελλάδα;Κανονικό Καθεστώς;Πελάτες εσωτερικού;ΞΕΝ. ΤΟΥΡ. ΕΠΙΧΕΙΡΗΣΕΙΣ;0,00;0,00;0,00
ΠΕΛΑ-00000258;heißeliebe;341229807;0,00;Germany;Ενδοκοινοτικό;Πελάτες εξωτερικού ΕΕ;ΕΜΠΟΡΙΟ;0,00;0,00;0,00
ΠΕΛΑ-00000259;A FUTURE PERFECT ΕΤΕΡΟΡΡΥΘΜΗ ΕΤΑΙΡΕΙΑ;801904500;0,00;Ελλάδα;Κανονικό Καθεστώς;Πελάτες εσωτερικού;;0,00;0,00;0,00
ΠΕΛΑ-00000261;Retail Customer BE - &OPEN;;0,00;Belgium;OSS Belgium;Πελάτες λιανικής OSS;;0,00;0,00;0,00
ΠΕΛΑ-00000262;Retail Customer AUS - &OPEN;000000000;0,00;Austria;OSS Austria;Πελάτες λιανικής OSS;;0,00;0,00;0,00
ΠΕΛΑ-00000263;Superjuju;815151408;0,00;Germany;Ενδοκοινοτικό;Πελάτες εξωτερικού ΕΕ;ΕΜΠΟΡΙΟ;0,00;0,00;0,00
ΠΕΛΑ-00000264;UP TO DO GOOD BV;860343753B01;0,00;Netherlands;Ενδοκοινοτικό;Πελάτες εξωτερικού ΕΕ;ΕΜΠΟΡΙΟ;0,00;0,00;0,00
ΠΕΛΑ-00000266;ΧΡΙΣΤΙΝΑ ΛΥΔΙΑ ΣΠΥΡΑΤΟΥ  ΣΙΑ ΕΕ;801142721;0,00;Ελλάδα;Κανονικό Καθεστώς;Πελάτες εσωτερικού;;0,00;0,00;0,00
ΠΕΛΑ-00000267;G DESIGN STUDIO Ι Κ Ε;801651263;0,00;Ελλάδα;Κανονικό Καθεστώς;Πελάτες εσωτερικού;;0,00;0,00;0,00
ΠΕΛΑ-00000268;Retail Customer PR - &OPEN;000000000;0,00;Portugal;OSS Portugal;Πελάτες λιανικής OSS;;0,00;0,00;0,00
ΠΕΛΑ-00000269;ALLERHAND I clalue;339730932;0,00;Germany;Ενδοκοινοτικό;Πελάτες εξωτερικού ΕΕ;ΕΜΠΟΡΙΟ;0,00;0,00;0,00
ΠΕΛΑ-00000270;Rosalinde Homestories;318411789;0,00;Germany;Ενδοκοινοτικό;Πελάτες εξωτερικού ΕΕ;ΕΜΠΟΡΙΟ;431,97;431,97;369,07
ΠΕΛΑ-00000271;Hallesches Haus GmbH;297193278;0,00;Germany;Ενδοκοινοτικό;Πελάτες εξωτερικού ΕΕ;ΕΜΠΟΡΙΟ;0,00;0,00;0,00
ΠΕΛΑ-00000272;MERCI;48504330754;0,00;France;Ενδοκοινοτικό;Πελάτες εξωτερικού ΕΕ;ΕΜΠΟΡΙΟ;0,00;0,00;0,00
ΠΕΛΑ-00000273;ΑΝΤΟΥΡΑΚΗΣ ΜΑΡΚΟΣ ΒΑΣΙΛΕΙΟΣ;100051771;-36,59;Ελλάδα;Κανονικό Καθεστώς;Πελάτες εσωτερικού;ΕΜΠΟΡΙΟ;0,00;36,59;0,00
ΠΕΛΑ-00000274;ΜΠΑΡΜΠΑΛΙΑΣ ΓΕΩΡΓΙΟΣ ΚΩΝΣΤΑΝΤΙΝΟΣ;115127871;0,00;Ελλάδα;Κανονικό Καθεστώς;Πελάτες εσωτερικού;ΕΜΠΟΡΙΟ ΤΟΥΡΙΣΤΙΚΩΝ ΕΙΔΩΝ;347,08;347,08;0,00
ΠΕΛΑ-00000275;ΒΙΝΟ ΚΟΝΣΕΠΤ Ο Ε;802447944;0,00;Ελλάδα;Κανονικό Καθεστώς;Πελάτες εσωτερικού;;431,45;431,45;0,00
ΠΕΛΑ-00000276;IMPERIA GmbH;369982946;0,00;Germany;Ενδοκοινοτικό;Πελάτες εξωτερικού ΕΕ;ΕΜΠΟΡΙΟ;0,00;0,00;0,00
ΠΕΛΑ-00000278;HET OLIJFLAB;003590667B08;0,10;Netherlands;Ενδοκοινοτικό;Πελάτες εξωτερικού ΕΕ;ΕΜΠΟΡΙΟ;12.318,50;12.318,40;9.155,70
ΠΕΛΑ-00000281;Frau Bauch;815724632;0,00;Germany;Ενδοκοινοτικό;Πελάτες εξωτερικού ΕΕ;ΕΜΠΟΡΙΟ;0,00;0,00;0,00
ΠΕΛΑ-00000282;ΕΛΛΗΝΙΚΟ ΦΕΣΤΙΒΑΛ ΑΝΩΝΥΜΟΣ ΕΤΑΙΡΕΙΑ;094537130;0,00;Ελλάδα;Κανονικό Καθεστώς;Πελάτες εσωτερικού;ΔΙΟΡΓΑΝΩΣΗ ΚΑΛΛΙΤΕΧΝΙΚΩΝ ΕΚΔΗΛΩΣΕΩΝ;0,00;0,00;0,00
ΠΕΛΑ-00000283;ΦΕΣΤΙΒΑΛ ΑΘΗΝΩΝ ΕΠΙΔΑΥΡΟΥ;996494555;0,00;Ελλάδα;Κανονικό Καθεστώς;Πελάτες εσωτερικού;;0,00;0,00;0,00
ΠΕΛΑ-00000285;WOHNGESCHWISTER OTTENSEN;300254400;-38,00;Germany;Ενδοκοινοτικό;Πελάτες εξωτερικού ΕΕ;ΕΜΠΟΡΙΟ;853,42;891,42;791,90
ΠΕΛΑ-00000286;herzla Laden;815396755;0,00;Germany;Ενδοκοινοτικό;Πελάτες εξωτερικού ΕΕ;ΕΜΠΟΡΙΟ;0,00;0,00;0,00
ΠΕΛΑ-00000288;Trentotto;48504706144;739,08;France;Ενδοκοινοτικό;Πελάτες εξωτερικού ΕΕ;ΕΜΠΟΡΙΟ;2.056,51;1.317,43;1.302,00
ΠΕΛΑ-00000289;Küchenliebe;183450642;0,00;Germany;Ενδοκοινοτικό;Πελάτες εξωτερικού ΕΕ;ΕΜΠΟΡΙΟ;0,00;0,00;0,00
ΠΕΛΑ-00000290;SARL STYLITE;01925295768;-88,08;France;Ενδοκοινοτικό;Πελάτες εξωτερικού ΕΕ;ΕΜΠΟΡΙΟ;827,80;915,88;0,00
ΠΕΛΑ-00000291;Buchstäbchen;253384512;308,00;Germany;Ενδοκοινοτικό;Πελάτες εξωτερικού ΕΕ;ΕΜΠΟΡΙΟ;308,00;0,00;308,00
ΠΕΛΑ-00000292;Something New Store;001813657B29;0,00;Netherlands;Ενδοκοινοτικό;Πελάτες εξωτερικού ΕΕ;ΕΜΠΟΡΙΟ;663,25;663,25;554,79
ΠΕΛΑ-00000293;Maison Nayeli;999999999;0,00;Switzerland;Τρίτων Χωρών;Πελάτες εξωτερικού ΤΧ;ΕΜΠΟΡΙΟ;0,00;0,00;0,00
ΠΕΛΑ-00000294;Consult Packaging Ltd;381207120;0,00;United Kingdom;Τρίτων Χωρών;Πελάτες εξωτερικού ΤΧ;ΕΜΠΟΡΙΟ;359,60;359,60;249,60
ΠΕΛΑ-00000295;Wyld;323859530;0,00;Germany;Ενδοκοινοτικό;Πελάτες εξωτερικού ΕΕ;ΕΜΠΟΡΙΟ;420,63;420,63;384,91
ΠΕΛΑ-00000296;Slow Goods GmbH;115199218;600,55;Switzerland;Τρίτων Χωρών;Πελάτες εξωτερικού ΤΧ;ΕΜΠΟΡΙΟ;600,55;0,00;513,60
ΠΕΛΑ-00000297;Retail Customer SL;000000000;0,00;Slovakia;OSS Slovakia;Πελάτες λιανικής OSS;;612,30;612,30;547,97
ΠΕΛΑ-00000298;Retail Customer BG - &OPEN;;0,00;Bulgaria;OSS Bulgaria;Πελάτες λιανικής OSS;;0,00;0,00;0,00
ΠΕΛΑ-00000299;Grapes Concept Store;225813385;0,00;Germany;Ενδοκοινοτικό;Πελάτες εξωτερικού ΕΕ;ΕΜΠΟΡΙΟ;0,00;0,00;0,00
ΠΕΛΑ-00000300;Studio Edition;359148309;0,00;Germany;Ενδοκοινοτικό;Πελάτες εξωτερικού ΕΕ;ΕΜΠΟΡΙΟ;221,60;221,60;201,60
ΠΕΛΑ-00000301;LYSANDER UG;329098154;0,00;Germany;Ενδοκοινοτικό;Πελάτες εξωτερικού ΕΕ;ΕΜΠΟΡΙΟ;0,00;0,00;0,00
ΠΕΛΑ-00000303;De Kramerin;178148675;0,00;Germany;Ενδοκοινοτικό;Πελάτες εξωτερικού ΕΕ;ΕΜΠΟΡΙΟ;0,00;0,00;0,00
ΠΕΛΑ-00000304;Jane & the Jam GmbH;366804514;0,00;Germany;Ενδοκοινοτικό;Πελάτες εξωτερικού ΕΕ;ΕΜΠΟΡΙΟ;0,00;0,00;0,00
ΠΕΛΑ-00000306;ΦΟΡΟΠΟΥΛΟΣ ΑΝΑΣΤΑΣΙΟΥ ΟΜΟΡΡΥΘΜΗ ΕΤΑΙΡΕΙΑ;801183198;0,00;Ελλάδα;Ειδικό Καθεστώς;Πελάτες εσωτερικού;ΕΜΠΟΡΙΟ;0,00;0,00;0,00
ΠΕΛΑ-00000310;Retail Customer CZ;000000000;0,00;Czech Republic;OSS Czech Republic;Πελάτες λιανικής OSS;;0,00;0,00;0,00
ΠΕΛΑ-00000311;ECLECTICIST;22821027;0,00;Malta;Ενδοκοινοτικό;Πελάτες εξωτερικού ΕΕ;ΕΜΠΟΡΙΟ;0,00;0,00;0,00
ΠΕΛΑ-00000314;Herzensglück;278824237;0,00;Germany;Ενδοκοινοτικό;Πελάτες εξωτερικού ΕΕ;ΕΜΠΟΡΙΟ;0,00;0,00;0,00
ΠΕΛΑ-00000315;Königliche Gartenakademie GmbH & Co.;250220108;0,00;Germany;Ενδοκοινοτικό;Πελάτες εξωτερικού ΕΕ;;1.059,30;1.059,30;978,54
ΠΕΛΑ-00000316;ATELIER 159;67511746281;0,00;France;Ενδοκοινοτικό;Πελάτες εξωτερικού ΕΕ;;0,00;0,00;0,00
ΠΕΛΑ-00000317;Un Vingtieme;70808683361;0,00;France;Ενδοκοινοτικό;Πελάτες εξωτερικού ΕΕ;;0,00;0,00;0,00
ΠΕΛΑ-00000318;Oiss & co.;304382379;426,20;Germany;Ενδοκοινοτικό;Πελάτες εξωτερικού ΕΕ;ΕΜΠΟΡΙΟ;426,20;0,00;426,20
ΠΕΛΑ-00000319;MetaDesign;105566580;0,00;Switzerland;Τρίτων Χωρών;Πελάτες εξωτερικού ΤΧ;ΓΡΑΦΙΣΤΙΚΕΣ ΥΠΗΡΕΣΙΕΣ;0,00;0,00;0,00
ΠΕΛΑ-00000320;Retail Customer SI;000000000;0,00;Slovenia;OSS Slovenia;Πελάτες λιανικής OSS;;66,50;66,50;60,73
ΠΕΛΑ-00000323;Concept Store Le 805;FR40802115287;0,00;France;Ενδοκοινοτικό;Πελάτες εξωτερικού ΕΕ;ΕΜΠΟΡΙΟ;0,00;0,00;0,00
ΠΕΛΑ-00000324;Clou Hamburg Concept Store;815900796;37,89;Germany;Ενδοκοινοτικό;Πελάτες εξωτερικού ΕΕ;ΕΜΠΟΡΙΟ;296,82;258,93;265,80
ΠΕΛΑ-00000325;AMALUMI;62930851431;0,00;France;Ενδοκοινοτικό;Πελάτες εξωτερικού ΕΕ;ΕΜΠΟΡΙΟ;0,00;0,00;0,00
ΠΕΛΑ-00000326;märz | manufaktur;296709092;0,00;Germany;Ενδοκοινοτικό;Πελάτες εξωτερικού ΕΕ;ΕΜΠΟΡΙΟ;0,00;0,00;0,00
ΠΕΛΑ-00000327;LES FLEURS;46509199345;49,50;France;Ενδοκοινοτικό;Πελάτες εξωτερικού ΕΕ;ΕΜΠΟΡΙΟ;792,63;743,13;722,27
ΠΕΛΑ-00000328;Biermann Averbeck GbR;298602831;276,80;Germany;Ενδοκοινοτικό;Πελάτες εξωτερικού ΕΕ;ΕΜΠΟΡΙΟ;276,80;0,00;256,80
ΠΕΛΑ-00000329;Jane & the Jam;366804514;0,00;Germany;Ενδοκοινοτικό;Πελάτες εξωτερικού ΕΕ;ΕΜΠΟΡΙΟ;0,00;0,00;0,00
ΠΕΛΑ-00000330;SMAK by Stylingqueen;141089021;0,00;Switzerland;Τρίτων Χωρών;Πελάτες εξωτερικού ΤΧ;ΕΜΠΟΡΙΟ;1.370,96;1.370,96;588,48
ΠΕΛΑ-00000331;Maya Brenner;356762940;0,00;Germany;Ενδοκοινοτικό;Πελάτες εξωτερικού ΕΕ;ΕΜΠΟΡΙΟ;0,00;0,00;0,00
ΠΕΛΑ-00000332;Amos Rex;21374802;0,00;Finland;Ενδοκοινοτικό;Πελάτες εξωτερικού ΕΕ;ΕΜΠΟΡΙΟ;0,00;0,00;0,00
ΠΕΛΑ-00000334;Beau Oui;15910281757;0,00;France;Ενδοκοινοτικό;Πελάτες εξωτερικού ΕΕ;ΕΜΠΟΡΙΟ;0,00;0,00;0,00
ΠΕΛΑ-00000335;Standard cafe;48931988331;0,00;France;Ενδοκοινοτικό;Πελάτες εξωτερικού ΕΕ;ΕΜΠΟΡΙΟ;0,00;0,00;0,00
ΠΕΛΑ-00000336;SYMBEEOSIS ΕΥ ΖΗΝ ΑΝΩΝΥΜΗ ΕΤΑΙΡΕΙΑ;998283993;986,49;Ελλάδα;Κανονικό Καθεστώς;Πελάτες εσωτερικού;ΕΜΠΟΡΙΟ;986,49;0,00;873,00
ΠΕΛΑ-00000338;D’12 Gourmet;000000000;0,00;Spain;OSS Spain;Πελάτες λιανικής OSS;ΕΜΠΟΡΙΟ;0,00;0,00;0,00
ΠΕΛΑ-00000339;Urban Lodge;39441376878;0,00;France;Ενδοκοινοτικό;Πελάτες εξωτερικού ΕΕ;ΕΜΠΟΡΙΟ;0,00;0,00;0,00
ΠΕΛΑ-00000340;Razzia;60832715916;0,00;France;Ενδοκοινοτικό;Πελάτες εξωτερικού ΕΕ;ΕΜΠΟΡΙΟ;0,00;0,00;0,00
ΠΕΛΑ-00000341;Bouiboui Shop;B10709731;0,00;Spain;Ενδοκοινοτικό;Πελάτες εξωτερικού ΕΕ;ΕΜΠΟΡΙΟ;302,20;302,20;268,20
ΠΕΛΑ-00000342;Rosa Eck – Concept Store & Creative Space;366973180;28,76;Germany;Ενδοκοινοτικό;Πελάτες εξωτερικού ΕΕ;ΕΜΠΟΡΙΟ;2.046,55;2.017,79;1.716,21
ΠΕΛΑ-00000343;La Ferme;70341936433;0,00;France;Ενδοκοινοτικό;Πελάτες εξωτερικού ΕΕ;ΕΜΠΟΡΙΟ;0,00;0,00;0,00
ΠΕΛΑ-00000344;Matilda Prague;19983107;0,00;Czech Republic;Ενδοκοινοτικό;Πελάτες εξωτερικού ΕΕ;ΕΜΠΟΡΙΟ;0,00;0,00;0,00
ΠΕΛΑ-00000346;Retail Customer BG;000000000;0,00;Bulgaria;OSS Bulgaria;Πελάτες λιανικής OSS;;0,00;0,00;0,00
ΠΕΛΑ-00000347;Abaton;243442567;0,00;Germany;Ενδοκοινοτικό;Πελάτες εσωτερικού;ΕΜΠΟΡΙΟ;0,00;0,00;0,00
ΠΕΛΑ-00000350;Rice Creative JSC;000000000;0,00;Vietnam;Τρίτων Χωρών;Πελάτες εξωτερικού ΤΧ;ΓΡΑΦΙΣΤΙΚΕΣ ΥΠΗΡΕΣΙΕΣ;0,00;0,00;0,00
ΠΕΛΑ-00000353;Chloé Humblet;44243652;0,00;Denmark;Ενδοκοινοτικό;Πελάτες εξωτερικού ΕΕ;ΥΠΗΡΕΣΙΕΣ ΠΑΡΟΧΗΣ ΣΥΜΒΟΥΛΩΝ ΣΕ ΘΕΜΑΤΑ ΜΑΡΚΕΤΙΓΚ;0,00;0,00;0,00
ΠΕΛΑ-00000354;M&V Schmiderer GmbH;U71464989;0,00;Austria;Ενδοκοινοτικό;Πελάτες εξωτερικού ΕΕ;ΕΣΤΙΑΤΟΡΙΟ;257,33;257,33;0,00
ΠΕΛΑ-00000358;KINDERKRAM - Family Concept Store;349393394;-8,85;Germany;Ενδοκοινοτικό;Πελάτες εξωτερικού ΕΕ;ΕΜΠΟΡΙΟ;1.137,15;1.146,00;0,00
ΠΕΛΑ-00000360;Helge's Cheese, Delicacies & Catering;25928229;0,00;Denmark;Ενδοκοινοτικό;Πελάτες εξωτερικού ΕΕ;ΕΜΠΟΡΙΟ;4.491,17;4.491,17;3.210,00
ΠΕΛΑ-00000363;GSCHNITTN & KAMPELT;328420715;0,00;Germany;Ενδοκοινοτικό;Πελάτες εξωτερικού ΕΕ;ΕΜΠΟΡΙΟ;0,00;0,00;0,00
ΠΕΛΑ-00000364;THINGS WE LOVE;328420715;201,60;Germany;Ενδοκοινοτικό;Πελάτες εξωτερικού ΕΕ;ΕΜΠΟΡΙΟ;850,80;649,20;201,60
ΠΕΛΑ-00000365;Z.K FOOD LTD;60054053U;-392,25;Cyprus;Ενδοκοινοτικό;Πελάτες εξωτερικού ΕΕ;ΕΜΠΟΡΙΟ;3.653,90;4.046,15;3.588,90
ΠΕΛΑ-00000367;Het Smaakhuis;866954831B01;-79,00;Netherlands;Ενδοκοινοτικό;Πελάτες εξωτερικού ΕΕ;ΕΜΠΟΡΙΟ;0,00;79,00;0,00
ΠΕΛΑ-00000370;Bowden Stores;250505832;0,00;United Kingdom;Τρίτων Χωρών;Πελάτες εξωτερικού ΤΧ;ΕΜΠΟΡΙΟ;0,00;0,00;0,00
ΠΕΛΑ-00000371;Dinny Claeys;0867166637;0,00;Belgium;Ενδοκοινοτικό;Πελάτες εξωτερικού ΕΕ;ΕΜΠΟΡΙΟ;0,00;0,00;0,00
ΠΕΛΑ-00000373;DHL EXPRESS ΕΛΛΑΣ ΑΝΩΝΥΜΗ ΕΤΑΙΡΕΙΑ ΤΑΧΥΜΕΤΑΦΟΡΩΝ;094450902;179,83;Ελλάδα;Κανονικό Καθεστώς;Πελάτες εσωτερικού;Διεθνείς Ταχυμεταφορές;636,28;456,45;0,00
ΠΕΛΑ-00000374;g-works, grafikdesign steffens;228581166;0,00;Germany;Ενδοκοινοτικό;Πελάτες εξωτερικού ΕΕ;ΓΡΑΦΙΣΤΙΚΕΣ ΥΠΗΡΕΣΙΕΣ;135,00;135,00;135,00
ΠΕΛΑ-00000375;Dock‘s Concept Store;335371137;0,00;Germany;Ενδοκοινοτικό;Πελάτες εξωτερικού ΕΕ;ΕΜΠΟΡΙΟ;439,20;439,20;0,00
ΠΕΛΑ-00000377;bobbi-Family Store;339530230;0,00;Germany;Ενδοκοινοτικό;Πελάτες εξωτερικού ΕΕ;ΕΜΠΟΡΙΟ;260,28;260,28;0,00
ΠΕΛΑ-00000378;Oschätzchen GmbH & Co. KG;813685769;0,00;Germany;Ενδοκοινοτικό;Πελάτες εξωτερικού ΕΕ;ΕΜΠΟΡΙΟ;64,47;64,47;0,00
ΠΕΛΑ-00000381;Les petits bandits;96940038086;0,00;France;Ενδοκοινοτικό;Πελάτες εξωτερικού ΕΕ;ΕΜΠΟΡΙΟ;0,00;0,00;0,00
ΠΕΛΑ-00000383;Thorsten Arendt Fotografie;232583184;0,00;Germany;Ενδοκοινοτικό;Πελάτες εξωτερικού ΕΕ;Φωτογραφικές Υπηρεσίες;0,00;0,00;0,00
ΠΕΛΑ-00000385;Cherie Cherie;0553690450;0,00;Belgium;Ενδοκοινοτικό;Πελάτες εξωτερικού ΕΕ;ΕΜΠΟΡΙΟ;0,00;0,00;0,00
ΠΕΛΑ-00000386;K.T CONCEPT STORE O.E;802765393;0,00;Ελλάδα;Κανονικό Καθεστώς;Πελάτες εσωτερικού;Λιανικο εμπόριο;2.310,66;2.310,66;2.037,15
ΠΕΛΑ-00000388;Mouflette;83842021651;28,71;France;Ενδοκοινοτικό;Πελάτες εξωτερικού ΕΕ;ΕΜΠΟΡΙΟ ΤΡΟΦΙΜΩΝ & ΠΟΤΩΝ;2.274,33;2.245,62;2.083,62
ΠΕΛΑ-00000390;ARTEUM SERVICES;93808799704;0,00;France;Ενδοκοινοτικό;Πελάτες εξωτερικού ΕΕ;ΕΜΠΟΡΙΟ;944,00;944,00;0,00
ΠΕΛΑ-00000391;Kandre`s Restaurant;224596357;0,00;Germany;Ενδοκοινοτικό;Πελάτες εξωτερικού ΕΕ;ΕΜΠΟΡΙΟ;0,00;0,00;0,00
ΠΕΛΑ-00000393;Ludwig Beck AG;129405159;0,00;Germany;Ενδοκοινοτικό;Πελάτες εξωτερικού ΕΕ;ΕΜΠΟΡΙΟ;0,00;0,00;0,00
ΠΕΛΑ-00000397;VETROELITE PACKAGING S.R.L.;04471130726;0,00;Italy;Κανονικό Καθεστώς;Πελάτες εξωτερικού ΕΕ;;0,00;0,00;0,00
ΠΕΛΑ-00000398;Hoptimist by mike;1001059695;0,00;Belgium;Ενδοκοινοτικό;Πελάτες εξωτερικού ΕΕ;ΕΜΠΟΡΙΟ;0,00;0,00;0,00
ΠΕΛΑ-00000399;Pink Stories e. K.;306116201;0,00;Germany;Ενδοκοινοτικό;Πελάτες εξωτερικού ΕΕ;ΕΜΠΟΡΙΟ;0,00;0,00;0,00
ΠΕΛΑ-00000400;ΜΕΧΜΕΤ ΤΣΕΛΕΠΗΣ;103449358;0,00;Ελλάδα;Ειδικό Καθεστώς;Πελάτες εσωτερικού;ΕΜΠΟΡΙΟ ΤΟΥΡΙΣΤΙΚΩΝ ΕΙΔΩΝ;725,44;725,44;0,00
ΠΕΛΑ-00000405;BLUDD;004726193B97;-43,74;Netherlands;Ενδοκοινοτικό;Πελάτες εξωτερικού ΕΕ;ΕΜΠΟΡΙΟ;678,00;721,74;265,80
ΠΕΛΑ-00000409;Beyond Borders;DK45153126;0,00;Denmark;Ενδοκοινοτικό;Πελάτες εξωτερικού ΕΕ;ΥΠΗΡΕΣΙΕΣ ΠΑΡΟΧΗΣ ΣΥΜΒΟΥΛΩΝ ΣΕ ΘΕΜΑΤΑ ΜΑΡΚΕΤΙΓΚ;0,00;0,00;0,00
ΠΕΛΑ-00000411;Oryza 2023 SL;B56529431;0,00;Spain;Ενδοκοινοτικό;Πελάτες εξωτερικού ΕΕ;ΕΣΤΙΑΤΟΡΙΟ;0,00;0,00;0,00
ΠΕΛΑ-00000419;FORTUNA;363000020;0,00;Germany;Ενδοκοινοτικό;Πελάτες εξωτερικού ΕΕ;ΕΜΠΟΡΙΟ;166,40;166,40;0,00
ΠΕΛΑ-00000423;Ν ΓΕΩΡΓΟΠΟΥΛΟΥ Μ ΠΑΠΑΙΩΑΝΝΟΥ ΚΑΙ ΣΙΑ Ο Ε;800903805;0,00;Ελλάδα;Κανονικό Καθεστώς;Πελάτες εσωτερικού;ΞΕΝ. ΤΟΥΡ. ΕΠΙΧΕΙΡΗΣΕΙΣ;98,60;98,60;79,64
ΠΕΛΑ-00000426;ΓΡΑΦΕΙΟ ΠΡΟΣΕΛΚΥΣΗΣ ΣΥΝΕΔΡΙΩΝ ΚΑΙ ΕΠΙΣΚΕΠΤΩΝ ΜΗΤΡΟΠΟΛΙΤΙΚΗΣ ΠΕΡΙΟΧΗΣ ΘΕΣΣΑΛΟΝΙΚΗΣ;997201379;0,00;Ελλάδα;Κανονικό Καθεστώς;Πελάτες εσωτερικού;;0,00;0,00;0,00
ΠΕΛΑ-00000430;OOOKS GmbH;354602301;0,00;Germany;Ενδοκοινοτικό;Πελάτες εξωτερικού ΕΕ;ΕΜΠΟΡΙΟ;0,00;0,00;0,00
ΠΕΛΑ-00000436;HOTEL DON CARLOS MARBELLA OPCO;B63656797;0,00;Spain;Ενδοκοινοτικό;Πελάτες εξωτερικού ΕΕ;ΞΕΝ. ΤΟΥΡ. ΕΠΙΧΕΙΡΗΣΕΙΣ;0,00;0,00;0,00
ΠΕΛΑ-00000441;Papeterie zum Schiff AG;105973028;0,00;Switzerland;Τρίτων Χωρών;Πελάτες εξωτερικού ΤΧ;ΕΜΠΟΡΙΟ;0,00;0,00;0,00
ΠΕΛΑ-00000442;Horeca Import DHB Oy;27483524;0,00;Finland;Ενδοκοινοτικό;Πελάτες εξωτερικού ΕΕ;ΕΜΠΟΡΙΟ;0,00;0,00;0,00
ΠΕΛΑ-00000443;diallo the store;112942470;0,00;Switzerland;Τρίτων Χωρών;Πελάτες εξωτερικού ΤΧ;ΕΜΠΟΡΙΟ;980,85;980,85;0,00
ΠΕΛΑ-00000446;Retail Customer CH;000000000;0,00;Switzerland;Κανονικό Καθεστώς;Πελάτες εξωτερικού ΤΧ;;786,88;786,88;581,06
ΠΕΛΑ-00000456;Guy Dittrich;343739048;0,00;Germany;Ενδοκοινοτικό;Πελάτες εξωτερικού ΕΕ;ΥΠΗΡΕΣΙΕΣ ΠΑΡΟΧΗΣ ΣΥΜΒΟΥΛΩΝ ΣΕ ΘΕΜΑΤΑ ΜΑΡΚΕΤΙΓΚ;0,00;0,00;0,00
ΠΕΛΑ-00000458;ΤΡΑΠΕΖΑ ΕΘΝΙΚΗ ΤΗΣ ΕΛΛΑΔΟΣ ΑΝΩΝΥΜΗ ΕΤΑΙΡΕΙΑ;094014201;-2,32;Ελλάδα;Κανονικό Καθεστώς;Πελάτες εσωτερικού;Υπηρεσίες τραπεζών;16,58;18,90;0,00
ΠΕΛΑ-00000461;Le Quotidien Store;05831045687;0,00;France;Ενδοκοινοτικό;Πελάτες εξωτερικού ΕΕ;Εμπορία Υαλουργικών Προϊόντων;503,37;503,37;0,00
ΠΕΛΑ-00000462;Oopsy daisy;0673915616;0,00;Belgium;Ενδοκοινοτικό;Πελάτες εξωτερικού ΕΕ;ΕΜΠΟΡΙΟ;2.047,20;2.047,20;890,40
ΠΕΛΑ-00000464;Up North BV;0702897632;0,00;Belgium;Ενδοκοινοτικό;Πελάτες εξωτερικού ΕΕ;ΕΜΠΟΡΙΟ;886,80;886,80;886,80
ΠΕΛΑ-00000467;Maison Terel;91927737288;0,00;France;Ενδοκοινοτικό;Πελάτες εξωτερικού ΕΕ;ΕΜΠΟΡΙΟ;336,14;336,14;0,00
ΠΕΛΑ-00000468;NEXT GEN RETAIL SERVICES ΗΛΕΚΤΡΙΚΩΝ ΠΛΗΡΟΦΟΡΙΚΗΣ ΤΗΛΕΠΙΚΟΙΝΩΝΙΩΝ ΚΑΙ ΑΣΦΑΛΙΣΤΙΚΩΝ ΔΙΑΜΕΣΟΛΑΒΗΤΩΝ ΜΟΝΟΠΡΟΣΩΠΗ ΑΝΩΝΥΜΗ ΕΤΑ;094077783;0,00;Ελλάδα;Κανονικό Καθεστώς;Πελάτες εσωτερικού;Λιανικο εμπόριο;0,00;0,00;0,00
ΠΕΛΑ-00000469;Boutique Mooie;45932868508;0,00;France;Ενδοκοινοτικό;Πελάτες εξωτερικού ΕΕ;ΕΜΠΟΡΙΟ;725,90;725,90;0,00
ΠΕΛΑ-00000470;SARL PAPOTTE;87907940977;0,00;France;Ενδοκοινοτικό;Πελάτες εξωτερικού ΕΕ;ΕΜΠΟΡΙΟ;0,00;0,00;0,00
ΠΕΛΑ-00000477;Griin Aubagne;33841904717;431,00;France;Ενδοκοινοτικό;Πελάτες εξωτερικού ΕΕ;ΕΜΠΟΡΙΟ;742,11;311,11;671,57
ΠΕΛΑ-00000478;Ototo GmbH;U80136657;0,00;Austria;Ενδοκοινοτικό;Πελάτες εξωτερικού ΕΕ;ΕΜΠΟΡΙΟ;14.102,97;14.102,97;7.966,02
ΠΕΛΑ-00000486;JOHN DORY TRAITEUR;29988671277;0,00;France;Ενδοκοινοτικό;Πελάτες εξωτερικού ΕΕ;ΕΜΠΟΡΙΟ;0,00;0,00;0,00
ΠΕΛΑ-00000490;ALTER AUGUST;134 703983;0,00;Germany;Ενδοκοινοτικό;Πελάτες εξωτερικού ΕΕ;ΕΜΠΟΡΙΟ;0,00;0,00;0,00
ΠΕΛΑ-00000493;RIXABERLIN;342631988;0,00;Germany;Ενδοκοινοτικό;Πελάτες εξωτερικού ΕΕ;ΕΜΠΟΡΙΟ;0,00;0,00;0,00
ΠΕΛΑ-00000502;ROOMS Home Concepts - Concept & Design Store;323333117;426,83;Germany;Ενδοκοινοτικό;Πελάτες εξωτερικού ΕΕ;ΕΜΠΟΡΙΟ;1.968,77;1.541,94;1.763,95
ΠΕΛΑ-00000503;Happy Atelier;559154483701;0,00;Sweden;Ενδοκοινοτικό;Πελάτες εξωτερικού ΕΕ;ΕΜΠΟΡΙΟ;391,56;391,56;0,00
ΠΕΛΑ-00000504;Beckhoff Technik und Design GmbH;814538374;0,00;Germany;Ενδοκοινοτικό;Πελάτες εξωτερικού ΕΕ;ΕΜΠΟΡΙΟ;709,95;709,95;462,50
ΠΕΛΑ-00000505;ZHAZEN CONCEPT STORE;10821941689;0,00;France;Ενδοκοινοτικό;Πελάτες εξωτερικού ΕΕ;ΕΜΠΟΡΙΟ;0,00;0,00;0,00
ΠΕΛΑ-00000510;BUERO PHILIPP HIESLMAIR;U75446705;0,00;Austria;Ενδοκοινοτικό;Πελάτες εξωτερικού ΕΕ;;279,60;279,60;0,00
ΠΕΛΑ-00000548;TOGETHERNESS GMBH;U79649249;0,00;Austria;Ενδοκοινοτικό;Πελάτες εξωτερικού ΕΕ;;0,00;0,00;0,00
ΠΕΛΑ-00000640;ΚΑΝΑΚΑΡΑΚΗΣ ΜΑΤΘΑΙΟΣ ΑΝΤΩΝΙΟΣ;103814888;0,00;Ελλάδα;Κανονικό Καθεστώς;Πελάτες εσωτερικού;;0,00;0,00;0,00
ΠΕΛΑ-00000738;ΑΜΒΡΟΣΙΑΔΗΣ ΚΩΝΣΤΑΝΤΙΝΟΣ;;0,00;Ελλάδα;Κανονικό Καθεστώς;Πελάτες λιανικής;;0,00;0,00;0,00
ΠΕΛΑ-00000771;ΛΕΒΕΝΤΗΣ ΜΙΧΑΗΛ ΙΩΑΝΝΗΣ;138993470;960,59;Ελλάδα;Κανονικό Καθεστώς;Πελάτες εσωτερικού;;960,59;0,00;850,08
ΠΕΛΑ-00000786;DOMÉSTICA HOUSE GOODS;B39782164;112,50;Spain;Ενδοκοινοτικό;Πελάτες εξωτερικού ΕΕ;;450,00;337,50;450,00
ΠΕΛΑ-00000337;Mini CIRCLE;350648639;0,00;Germany;Ενδοκοινοτικό;Πελάτες εξωτερικού ΕΕ;ΕΜΠΟΡΙΟ;0,00;0,00;0,00
ΠΕΛΑ-00000348;Minicatwalk;306886551;0,00;Germany;Ενδοκοινοτικό;Πελάτες εξωτερικού ΕΕ;;0,00;0,00;0,00
ΠΕΛΑ-00000349;Die Blumenwerkstatt;252186696;0,00;Germany;Ενδοκοινοτικό;Πελάτες εξωτερικού ΕΕ;;0,00;0,00;0,00
ΠΕΛΑ-00000351;LILLA MARI;336308628;0,00;Germany;Ενδοκοινοτικό;Πελάτες εξωτερικού ΕΕ;;170,02;170,02;0,00
ΠΕΛΑ-00000352;Das fein;367506039;0,00;Germany;Ενδοκοινοτικό;Πελάτες εξωτερικού ΕΕ;;0,00;0,00;0,00
ΠΕΛΑ-00000355;Aitiuil;7056461N;301,80;Ireland;Ενδοκοινοτικό;Πελάτες εξωτερικού ΕΕ;ΕΜΠΟΡΙΟ;301,80;0,00;301,80
ΠΕΛΑ-00000356;STUDIO LIV Reimers & Reimers GmbH;DE311931715;0,00;Germany;Ενδοκοινοτικό;Πελάτες εξωτερικού ΕΕ;ΕΜΠΟΡΙΟ;0,00;0,00;0,00
ΠΕΛΑ-00000357;Jardins sur Pérolles;CHE217193374;0,00;Switzerland;Τρίτων Χωρών;Πελάτες εξωτερικού ΤΧ;ΕΜΠΟΡΙΟ;849,71;849,71;0,00
ΠΕΛΑ-00000359;Buntesgraudesign;365255878;119,55;Germany;Ενδοκοινοτικό;Πελάτες εξωτερικού ΕΕ;;2.042,23;1.922,68;1.935,54
ΠΕΛΑ-00000361;Bitter & Zart GmbH Chocolaterie & feine Sachen;282954959;88,02;Germany;Ενδοκοινοτικό;Πελάτες εξωτερικού ΕΕ;;2.246,99;2.158,97;2.012,09
ΠΕΛΑ-00000362;vinent & miller lda;516130072;0,00;Portugal;Ενδοκοινοτικό;Πελάτες εξωτερικού ΕΕ;ΕΜΠΟΡΙΟ;1.891,67;1.891,67;1.587,27
ΠΕΛΑ-00000366;HYPPAIRS;70831899729;0,00;France;Ενδοκοινοτικό;Πελάτες εξωτερικού ΕΕ;;0,00;0,00;0,00
ΠΕΛΑ-00000368;SUPER;B16973786;0,00;Spain;Ενδοκοινοτικό;Πελάτες εξωτερικού ΕΕ;ΕΜΠΟΡΙΟ;0,00;0,00;0,00
ΠΕΛΑ-00000369;V. S. BEJARANO-GALLARDO;9429048284752;9,50;New Zealand;Τρίτων Χωρών;Πελάτες εξωτερικού ΤΧ;ΕΜΠΟΡΙΟ;9,50;0,00;0,00
ΠΕΛΑ-00000372;Fresh Market;39982323;0,00;Denmark;Ενδοκοινοτικό;Πελάτες εξωτερικού ΕΕ;;0,00;0,00;0,00
ΠΕΛΑ-00000376;Chilli Vanilli;306041379;0,00;Germany;Ενδοκοινοτικό;Πελάτες εξωτερικού ΕΕ;;0,00;0,00;0,00
ΠΕΛΑ-00000554;SARL ADEODAT;;0,00;Ελλάδα;Κανονικό Καθεστώς;Πελάτες εξωτερικού ΕΕ;;0,00;0,00;0,00
ΠΕΛΑ-00000555;SARL URBAN LODGE;;0,00;Ελλάδα;Κανονικό Καθεστώς;Πελάτες εξωτερικού ΕΕ;;0,00;0,00;0,00
ΠΕΛΑ-00000556;ΠΕΛΑΤΕΣ ΕΞΩΤΕΡΙΚΟΥ;;3,87;Ελλάδα;Κανονικό Καθεστώς;Πελάτες εξωτερικού ΤΧ;;3,87;0,00;0,00
ΠΕΛΑ-00000557;ΠΕΛΑΤΕΣ ΛΙΑΝΙΚΗΣ OSS;;76,46;Ελλάδα;Κανονικό Καθεστώς;Πελάτες εξωτερικού ΕΕ;;76,46;0,00;0,00
ΠΕΛΑ-00000628;Bistro Vinothek Shop;U54876601;0,00;Austria;Ενδοκοινοτικό;Πελάτες εξωτερικού ΕΕ;;2.226,30;2.226,30;1.850,19
ΠΕΛΑ-00000629;GOODWIN AND BELLE;178372180;0,00;United Kingdom;Τρίτων Χωρών;Πελάτες εξωτερικού ΤΧ;;1.000,18;1.000,18;728,50
ΠΕΛΑ-00000630;Maisinger;309834633;0,00;Germany;Ενδοκοινοτικό;Πελάτες εξωτερικού ΕΕ;;355,55;355,55;295,47
ΠΕΛΑ-00000736;Cosas que Amo S.L.;B22793764;428,94;Spain;Ενδοκοινοτικό;Πελάτες εξωτερικού ΕΕ;;691,04;262,10;634,00
ΠΕΛΑ-00000737;Electric Ladyland;33131364;0,00;Denmark;Ενδοκοινοτικό;Πελάτες εξωτερικού ΕΕ;;230,60;230,60;200,40
ΠΕΛΑ-00000749;MARIE CHARTRAIN CRUSH;49800070724;0,00;France;Ενδοκοινοτικό;Πελάτες εξωτερικού ΕΕ;;499,40;499,40;458,40
ΠΕΛΑ-00000483;Unterhaltung Lieblingsstücke;224986584;30,49;Germany;Ενδοκοινοτικό;Πελάτες εξωτερικού ΕΕ;;2.009,21;1.978,72;1.913,91
ΠΕΛΑ-00000484;AMA;FR64940722184;0,00;France;Ενδοκοινοτικό;Πελάτες εξωτερικού ΕΕ;;0,00;0,00;0,00
ΠΕΛΑ-00000536;MuR;U78942245;0,00;Austria;Ενδοκοινοτικό;Πελάτες εξωτερικού ΕΕ;;0,00;0,00;0,00
ΠΕΛΑ-00000537;Baretto Tapas Bar;000000000;0,00;Germany;OSS Germany;Πελάτες λιανικής OSS;;0,00;0,00;0,00
ΠΕΛΑ-00000444;hotel l orque bleue;32434324620;0,00;France;Ενδοκοινοτικό;Πελάτες εξωτερικού ΕΕ;;0,00;0,00;0,00
ΠΕΛΑ-00000445;boa vista;257963362;285,30;Germany;Ενδοκοινοτικό;Πελάτες εξωτερικού ΕΕ;;285,30;0,00;285,30
ΠΕΛΑ-00000750;de Bijenkorf BV;003177397B01;7.038,00;Netherlands;Ενδοκοινοτικό;Πελάτες εξωτερικού ΕΕ;;7.038,00;0,00;7.038,00
ΠΕΛΑ-00000752;Retail Customer MT;000000000;0,00;Malta;OSS Malta;Πελάτες λιανικής OSS;;169,83;169,83;128,71
ΠΕΛΑ-00000757;Hôtel La Bergerie;06383534021;0,00;France;Ενδοκοινοτικό;Πελάτες εξωτερικού ΕΕ;;272,50;272,50;272,50
ΠΕΛΑ-00000769;strolzevents GmbH;U72642946;7.200,00;Austria;Ενδοκοινοτικό;Πελάτες εξωτερικού ΕΕ;;7.200,00;0,00;7.000,00
ΠΕΛΑ-00000773;Stúdíó Vinnustofa ehf.;143669;-435,80;Iceland;Τρίτων Χωρών;Πελάτες εξωτερικού ΤΧ;;4.336,20;4.772,00;4.336,20
ΠΕΛΑ-00000785;ΣOYBATZOΓΛOY Γ. & B. O.E.;997864728;0,00;Ελλάδα;Κανονικό Καθεστώς;Πελάτες εσωτερικού;;0,00;0,00;0,00
ΠΕΛΑ-00000787;Team sisu GmbH;U63841249;0,00;Austria;Ενδοκοινοτικό;Πελάτες εξωτερικού ΕΕ;;73,25;73,25;73,25
ΠΕΛΑ-00000789;BAHNE SORENSEN A/S;10166896;0,00;Denmark;Ενδοκοινοτικό;Πελάτες εξωτερικού ΕΕ;;10.180,00;10.180,00;9.900,00
ΠΕΛΑ-00000791;ΤΡΟΦΟΚΡΗΤΙΚΗ ΜΟΝΟΠΡΟΣΩΠΗ Ι Κ Ε;800753595;0,00;Ελλάδα;Κανονικό Καθεστώς;Πελάτες εσωτερικού;;603,25;603,25;533,85
ΠΕΛΑ-00000799;BURIA Bartlomiej Karas;6482584438;0,00;Poland;Ενδοκοινοτικό;Πελάτες εξωτερικού ΕΕ;;67,47;67,47;64,50
ΠΕΛΑ-00000725;La Petite Réserve;03813741436;0,00;France;Ενδοκοινοτικό;Πελάτες εξωτερικού ΕΕ;;413,30;413,30;376,80
ΠΕΛΑ-00000726;moloo conceptstore;227405301;463,40;Germany;Ενδοκοινοτικό;Πελάτες εξωτερικού ΕΕ;;983,80;520,40;908,40
ΠΕΛΑ-00000727;Alte Backstube;460906011;0,00;Germany;Ενδοκοινοτικό;Πελάτες εξωτερικού ΕΕ;;255,10;255,10;192,60
ΠΕΛΑ-00000728;Wonderfriends;0833787551;-3,72;Belgium;Ενδοκοινοτικό;Πελάτες εξωτερικού ΕΕ;;1.157,59;1.161,31;1.070,25
ΠΕΛΑ-00000731;Waikiki;000000000;0,00;France;OSS France;Πελάτες λιανικής OSS;;279,72;279,72;201,60
ΠΕΛΑ-00000710;Manuela Motzel / Mentales Fitnesstudio;362193642;0,00;Germany;Ενδοκοινοτικό;Πελάτες εξωτερικού ΕΕ;;832,20;832,20;772,20
ΠΕΛΑ-00000520;KEFI Concept Store;0775712463;0,00;Belgium;Ενδοκοινοτικό;Πελάτες εξωτερικού ΕΕ;;318,80;318,80;275,15
ΠΕΛΑ-00000521;Casa Eclectcica;559494672401;372,80;Sweden;Ενδοκοινοτικό;Πελάτες εξωτερικού ΕΕ;;708,60;335,80;674,60
ΠΕΛΑ-00000522;FRAU HANSEN GmbH;355310454;0,00;Germany;Ενδοκοινοτικό;Πελάτες εξωτερικού ΕΕ;;0,00;0,00;0,00
ΠΕΛΑ-00000523;Chez sylvie;29792208738;0,00;France;Ενδοκοινοτικό;Πελάτες εξωτερικού ΕΕ;;0,00;0,00;0,00
ΠΕΛΑ-00000524;LE DADASHOP;53820530418;0,00;France;Ενδοκοινοτικό;Πελάτες εξωτερικού ΕΕ;;1.256,71;1.256,71;786,88
ΠΕΛΑ-00000525;8Blue Corner;08800789836;51,60;France;Ενδοκοινοτικό;Πελάτες εξωτερικού ΕΕ;;1.393,02;1.341,42;835,27
ΠΕΛΑ-00000526;Lemoni – Mediterranean Favourites;273708270;792,10;Germany;Ενδοκοινοτικό;Πελάτες εξωτερικού ΕΕ;;3.837,63;3.045,53;3.190,00
ΠΕΛΑ-00000527;Barwon Heads Winestore;72267864146;0,00;Australia;Τρίτων Χωρών;Πελάτες εξωτερικού ΤΧ;;0,00;0,00;0,00
ΠΕΛΑ-00000528;Smut und Leev;416094201;450,20;Germany;Ενδοκοινοτικό;Πελάτες εξωτερικού ΕΕ;;2.488,85;2.038,65;1.850,67
ΠΕΛΑ-00000529;Valletta Vintage;25892925;0,00;Malta;Ενδοκοινοτικό;Πελάτες εξωτερικού ΕΕ;;0,00;0,00;0,00
ΠΕΛΑ-00000530;TEAUPE;004865670B81;0,00;Netherlands;Ενδοκοινοτικό;Πελάτες εξωτερικού ΕΕ;;0,00;0,00;0,00
ΠΕΛΑ-00000531;Studio Jutta Tanninen;24797106;0,00;Finland;Ενδοκοινοτικό;Πελάτες εξωτερικού ΕΕ;;0,00;0,00;0,00
ΠΕΛΑ-00000532;feingemacht;326861556;0,00;Germany;Ενδοκοινοτικό;Πελάτες εξωτερικού ΕΕ;;0,00;0,00;0,00
ΠΕΛΑ-00000533;Nèulo;87901645580;0,00;France;Ενδοκοινοτικό;Πελάτες εξωτερικού ΕΕ;;0,00;0,00;0,00
ΠΕΛΑ-00000534;My o My - Home;21789450;53,86;Finland;Ενδοκοινοτικό;Πελάτες εξωτερικού ΕΕ;;2.151,83;2.097,97;1.028,40
ΠΕΛΑ-00000558;Buchhandlung Happy (ehemaliger Tatzelwurm);317989932;0,00;Germany;Ενδοκοινοτικό;Πελάτες εξωτερικού ΕΕ;;222,60;222,60;192,60
ΠΕΛΑ-00000559;Kalimera Eleni;02909285595;0,00;France;Ενδοκοινοτικό;Πελάτες εξωτερικού ΕΕ;;0,00;0,00;0,00
ΠΕΛΑ-00000561;Sailemotion GmbH;277482804;0,00;Germany;Ενδοκοινοτικό;Πελάτες εξωτερικού ΕΕ;;0,00;0,00;0,00
ΠΕΛΑ-00000562;Moon&Bloom;000000000;0,00;United States of America;Τρίτων Χωρών;Πελάτες εξωτερικού ΤΧ;;1.603,50;1.603,50;0,00
ΠΕΛΑ-00000563;Stefanie Recht und Simone Tasche GbR;342810562;22,08;Germany;Ενδοκοινοτικό;Πελάτες εξωτερικού ΕΕ;;2.450,14;2.428,06;1.560,76
ΠΕΛΑ-00000564;nou concept store;95949695050;0,00;France;Ενδοκοινοτικό;Πελάτες εξωτερικού ΕΕ;;295,34;295,34;12,10
ΠΕΛΑ-00000565;Wildmoon - Tereza Goktas;8251280048;0,00;Czech Republic;Ενδοκοινοτικό;Πελάτες εξωτερικού ΕΕ;;1.592,17;1.592,17;1.444,30
ΠΕΛΑ-00000566;A&O Cologne;313269700;0,00;Germany;Ενδοκοινοτικό;Πελάτες εξωτερικού ΕΕ;;0,00;0,00;0,00
ΠΕΛΑ-00000567;el MARKET;71492251384;0,00;France;Ενδοκοινοτικό;Πελάτες εξωτερικού ΕΕ;;0,00;0,00;0,00
ΠΕΛΑ-00000568;Bleyer Schweiz GmbH;264.768.702;0,00;Switzerland;Τρίτων Χωρών;Πελάτες εξωτερικού ΤΧ;;0,00;0,00;0,00
ΠΕΛΑ-00000569;SARL LE GRAIN DE RAISIN;62798832200;885,49;France;Ενδοκοινοτικό;Πελάτες εξωτερικού ΕΕ;;885,49;0,00;885,49
ΠΕΛΑ-00000570;Inspitalfields;718934602;0,00;United Kingdom;Τρίτων Χωρών;Πελάτες εξωτερικού ΤΧ;;0,00;0,00;0,00
ΠΕΛΑ-00000571;LE CHALET DES AMIS;53938117504;0,00;France;Ενδοκοινοτικό;Πελάτες εξωτερικού ΕΕ;;0,00;0,00;0,00
ΠΕΛΑ-00000572;natürlich wild;402541385;-4,58;Germany;Ενδοκοινοτικό;Πελάτες εξωτερικού ΕΕ;;686,76;691,34;625,80
ΠΕΛΑ-00000573;Mercearia Pachecas;516437526;14,89;Portugal;Ενδοκοινοτικό;Πελάτες εξωτερικού ΕΕ;;1.113,87;1.098,98;1.079,76
ΠΕΛΑ-00000574;Kitchener AG;CHE107916981;0,00;Switzerland;Τρίτων Χωρών;Πελάτες εξωτερικού ΤΧ;;0,00;0,00;0,00
ΠΕΛΑ-00000576;Bécot House;80993080332;366,82;France;Ενδοκοινοτικό;Πελάτες εξωτερικού ΕΕ;;366,82;0,00;331,82
ΠΕΛΑ-00000577;Seezeit HWW 51 GmbH;U82199728;0,00;Austria;Ενδοκοινοτικό;Πελάτες εξωτερικού ΕΕ;;0,00;0,00;0,00
ΠΕΛΑ-00000578;Out of Alltag GmbH;363620309;519,29;Germany;Ενδοκοινοτικό;Πελάτες εξωτερικού ΕΕ;;2.587,25;2.067,96;2.358,63
ΠΕΛΑ-00000580;MODDIAMO B.V.;867858552B01;0,00;Ελλάδα;Ενδοκοινοτικό;Πελάτες εξωτερικού ΕΕ;;0,00;0,00;0,00
ΠΕΛΑ-00000581;Kösters - Wohnkultur am Prinzipalmarkt GmbH;815613046;343,08;Germany;Ενδοκοινοτικό;Πελάτες εξωτερικού ΕΕ;;1.146,12;803,04;1.065,69
ΠΕΛΑ-00000582;ΕΥΑΓΓΕΛΟΣ ΚΟΣΜΙΔΗΣ ΚΑΙ ΣΙΑ ΟΕ;081073920;0,00;Ελλάδα;Κανονικό Καθεστώς;Πελάτες εσωτερικού;Λιανικό εμπόριο ξηρών καρπών;3.052,03;3.052,03;2.700,90
ΠΕΛΑ-00000583;Sophie Leitner;U74748927;0,00;Austria;Ενδοκοινοτικό;Πελάτες εξωτερικού ΕΕ;;0,00;0,00;0,00
ΠΕΛΑ-00000584;ONE17 PM Ltd;567 1314 42;0,00;United Kingdom;Τρίτων Χωρών;Πελάτες εξωτερικού ΤΧ;;0,00;0,00;0,00
ΠΕΛΑ-00000585;toi et moi - la boutique;CHE.337.457.200;0,00;Switzerland;Τρίτων Χωρών;Πελάτες εξωτερικού ΤΧ;;0,00;0,00;0,00
ΠΕΛΑ-00000586;studio super OG;U75595535;0,00;Austria;Ενδοκοινοτικό;Πελάτες εξωτερικού ΕΕ;;1.847,01;1.847,01;1.643,02
ΠΕΛΑ-00000587;TRYPTIK;30501123152;820,00;France;Ενδοκοινοτικό;Πελάτες εξωτερικού ΕΕ;;2.393,49;1.573,49;1.786,69
ΠΕΛΑ-00000589;Bridal Studio hugs & kisses;327428790;0,00;Germany;Ενδοκοινοτικό;Πελάτες εξωτερικού ΕΕ;;0,00;0,00;0,00
ΠΕΛΑ-00000590;Werner Staude GmbH;128250532;0,00;Germany;Ενδοκοινοτικό;Πελάτες εξωτερικού ΕΕ;;0,00;0,00;0,00
ΠΕΛΑ-00000591;DOWSE;234628995;0,00;United Kingdom;Τρίτων Χωρών;Πελάτες εξωτερικού ΤΧ;;882,92;882,92;633,72
ΠΕΛΑ-00000592;Brand Society srls;04993980269;0,00;Italy;Ενδοκοινοτικό;Πελάτες εξωτερικού ΕΕ;;0,00;0,00;0,00
ΠΕΛΑ-00000593;Grafik Apartment;U74533613;0,00;Austria;Ενδοκοινοτικό;Πελάτες εξωτερικού ΕΕ;;0,00;0,00;0,00
ΠΕΛΑ-00000594;Trisport;14790071;0,00;Luxembourg;Ενδοκοινοτικό;Πελάτες εξωτερικού ΕΕ;;0,00;0,00;0,00
ΠΕΛΑ-00000595;Wild Wood Gallery & Store;303926419;0,00;Germany;Ενδοκοινοτικό;Πελάτες εξωτερικού ΕΕ;;207,75;207,75;0,00
ΠΕΛΑ-00000596;Mira;23953869518;0,00;France;Ενδοκοινοτικό;Πελάτες εξωτερικού ΕΕ;;159,63;159,63;0,00
ΠΕΛΑ-00000597;La Marée Des Halles;41817894439;0,00;France;Ενδοκοινοτικό;Πελάτες εξωτερικού ΕΕ;;92,35;92,35;-89,40
ΠΕΛΑ-00000598;hellonélo srl;0804806822;0,00;Belgium;Ενδοκοινοτικό;Πελάτες εξωτερικού ΕΕ;;0,00;0,00;0,00
ΠΕΛΑ-00000599;LILTIK;82978035277;817,80;France;Ενδοκοινοτικό;Πελάτες εξωτερικού ΕΕ;;1.826,89;1.009,09;1.019,57
ΠΕΛΑ-00000600;Bref;000000000;0,00;Canada;Τρίτων Χωρών;Πελάτες εξωτερικού ΤΧ;;1.187,51;1.187,51;302,53
ΠΕΛΑ-00000601;Heckmannstore - Darmstadt;223620273;-97,44;Germany;Ενδοκοινοτικό;Πελάτες εξωτερικού ΕΕ;;1.714,87;1.812,31;1.129,99
ΠΕΛΑ-00000511;Quart de Kilo - Productos a granel para la vida;SP79099788M;0,00;Spain;Ενδοκοινοτικό;Πελάτες εξωτερικού ΕΕ;;0,00;0,00;0,00
ΠΕΛΑ-00000512;Julie Gallagher T/A IGC Gifts;CHE222259895;0,00;Switzerland;Τρίτων Χωρών;Πελάτες εξωτερικού ΤΧ;;0,00;0,00;0,00
ΠΕΛΑ-00000513;Atelier Minerale;001678178B50;0,00;Netherlands;Ενδοκοινοτικό;Πελάτες εξωτερικού ΕΕ;;795,03;795,03;697,55
ΠΕΛΑ-00000514;Orange Rose Apothecary;EIN# 87-1869009;0,00;United States of America;Τρίτων Χωρών;Πελάτες εξωτερικού ΤΧ;;0,00;0,00;0,00
ΠΕΛΑ-00000515;zurzeit;000000000;0,00;Switzerland;Τρίτων Χωρών;Πελάτες εξωτερικού ΤΧ;;564,29;564,29;439,81
ΠΕΛΑ-00000516;eurl karlota;74508061900;0,00;France;Ενδοκοινοτικό;Πελάτες εξωτερικού ΕΕ;;378,88;378,88;332,43
ΠΕΛΑ-00000517;Lifestore Minuit Deux;20753081942;0,00;France;Ενδοκοινοτικό;Πελάτες εξωτερικού ΕΕ;;0,00;0,00;0,00
ΠΕΛΑ-00000518;Cissy Wears;133955306;0,00;United Kingdom;Τρίτων Χωρών;Πελάτες εξωτερικού ΤΧ;;1.829,29;1.829,29;1.048,92
ΠΕΛΑ-00000519;alles-fuer-selbermacher Inh. Nadine Masuhr e.K.;218596087;0,00;Germany;Ενδοκοινοτικό;Πελάτες εξωτερικού ΕΕ;;0,00;0,00;0,00
ΠΕΛΑ-00000255;Viamo Impex SRL;RO4649;88,35;Romania;Ενδοκοινοτικό;Πελάτες εξωτερικού ΕΕ;;88,35;0,00;0,00
ΠΕΛΑ-00000678;TRANSEARCH International Partners Ltd;769939937;0,00;United Kingdom;Κανονικό Καθεστώς;Πελάτες εξωτερικού ΤΧ;;0,00;0,00;0,00
ΠΕΛΑ-00000251;SARL Maison WILLMANN - Chez Manon;79922317409;0,00;France;Ενδοκοινοτικό;Πελάτες εξωτερικού ΕΕ;ΕΜΠΟΡΙΟ;0,00;0,00;0,00
ΠΕΛΑ-00000631;hej bella;815739833;0,00;Germany;Ενδοκοινοτικό;Πελάτες εξωτερικού ΕΕ;;281,75;281,75;197,88
ΠΕΛΑ-00000641;Μ ΚΑΝΑΚΑΡΑΚΗΣ ΚΑΙ ΣΙΑ Ε Ε;801943905;0,00;Ελλάδα;Κανονικό Καθεστώς;Πελάτες εσωτερικού;;150,66;150,66;121,50
ΠΕΛΑ-00000642;Louise Shop;25512376864;0,00;France;Ενδοκοινοτικό;Πελάτες εξωτερικού ΕΕ;;489,31;489,31;404,69
ΠΕΛΑ-00000643;De Blauwe Zebra;0740460881;0,00;Belgium;Ενδοκοινοτικό;Πελάτες εξωτερικού ΕΕ;;233,17;233,17;190,89
ΠΕΛΑ-00000644;Superette - Upper Street;421550630;0,00;United Kingdom;Τρίτων Χωρών;Πελάτες εξωτερικού ΤΧ;;521,79;521,79;381,56
ΠΕΛΑ-00000645;USTUDIO;821909920;0,00;United Kingdom;Τρίτων Χωρών;Πελάτες εξωτερικού ΤΧ;;573,28;573,28;417,24
ΠΕΛΑ-00000646;Poppy‘s;000000000;0,00;United States of America;Τρίτων Χωρών;Πελάτες εξωτερικού ΤΧ;;649,96;649,96;430,93
ΠΕΛΑ-00000647;First & Last;486175554;0,00;United Kingdom;Τρίτων Χωρών;Πελάτες εξωτερικού ΤΧ;;629,40;629,40;465,37
ΠΕΛΑ-00000648;Gently Elephant;128767282;0,00;United Kingdom;Τρίτων Χωρών;Πελάτες εξωτερικού ΤΧ;;564,61;564,61;412,27
ΠΕΛΑ-00000649;donna GmbH;813769792;0,00;Germany;Ενδοκοινοτικό;Πελάτες εξωτερικού ΕΕ;;492,47;492,47;257,19
ΠΕΛΑ-00000650;frau verse;350768201;327,36;Germany;Ενδοκοινοτικό;Πελάτες εξωτερικού ΕΕ;;1.565,80;1.238,44;1.409,79
ΠΕΛΑ-00000651;Unsereins;278391497;388,70;Germany;Ενδοκοινοτικό;Πελάτες εξωτερικού ΕΕ;;887,56;498,86;765,68
ΠΕΛΑ-00000652;YASOMI Concept Store;CHE-497.898.784;0,00;Switzerland;Τρίτων Χωρών;Πελάτες εξωτερικού ΤΧ;;382,67;382,67;258,29
ΠΕΛΑ-00000653;Ago the good life store;01827988957;0,00;France;Ενδοκοινοτικό;Πελάτες εξωτερικού ΕΕ;;564,43;564,43;466,40
ΠΕΛΑ-00000654;soBunt Family Concept Store;U82687825;454,12;Austria;Ενδοκοινοτικό;Πελάτες εξωτερικού ΕΕ;;1.685,83;1.231,71;1.563,96
ΠΕΛΑ-00000655;Idealistshop;0665696251;318,80;Belgium;Ενδοκοινοτικό;Πελάτες εξωτερικού ΕΕ;;933,75;614,95;863,10
ΠΕΛΑ-00000656;Hay-Hygge Lifestyle Store;356428211;0,00;Germany;Ενδοκοινοτικό;Πελάτες εξωτερικού ΕΕ;;196,70;196,70;156,91
ΠΕΛΑ-00000657;Smala;0893975457;298,26;Belgium;Ενδοκοινοτικό;Πελάτες εξωτερικού ΕΕ;;1.488,04;1.189,78;1.348,39
ΠΕΛΑ-00000661;Schlemmen am Elisabethmarkt;455790087;0,00;Germany;Ενδοκοινοτικό;Πελάτες εξωτερικού ΕΕ;;1.210,65;1.210,65;1.103,14
ΠΕΛΑ-00000663;WII:NOTHEK;U76554569;0,00;Austria;Ενδοκοινοτικό;Πελάτες εξωτερικού ΕΕ;;1.188,01;1.188,01;1.053,34
ΠΕΛΑ-00000664;Lukes Drug Mart;99999999;0,00;Canada;Τρίτων Χωρών;Πελάτες εξωτερικού ΤΧ;;1.460,00;1.460,00;901,73
ΠΕΛΑ-00000665;Rigoletto Bilthoven;001348982B46;0,00;Netherlands;Ενδοκοινοτικό;Πελάτες εξωτερικού ΕΕ;;632,77;632,77;571,33
ΠΕΛΑ-00000677;coffee24.de;220697730;124,78;Germany;Ενδοκοινοτικό;Πελάτες εξωτερικού ΕΕ;;1.402,43;1.277,65;1.357,45
ΠΕΛΑ-00000780;Paratiisipaja Oy;32054556;843,19;Finland;Ενδοκοινοτικό;Πελάτες εξωτερικού ΕΕ;;1.608,80;765,61;1.608,80
ΠΕΛΑ-00000781;julikat.store;260885539;48,62;Germany;Ενδοκοινοτικό;Πελάτες εξωτερικού ΕΕ;;230,62;182,00;201,60
ΠΕΛΑ-00000782;Vuurpunt;0841323461;-5,92;Belgium;Ενδοκοινοτικό;Πελάτες εξωτερικού ΕΕ;;916,81;922,73;844,20
ΠΕΛΑ-00000783;Ultra Bien;0472956261;-3,86;Belgium;Ενδοκοινοτικό;Πελάτες εξωτερικού ΕΕ;;681,74;685,60;629,60
ΠΕΛΑ-00000784;Mudam Store;35714476;0,00;Luxembourg;Ενδοκοινοτικό;Πελάτες εξωτερικού ΕΕ;;321,80;321,80;290,80
ΠΕΛΑ-00000788;PETER & Silie Parsley GmbH;272638196;117,30;Germany;Ενδοκοινοτικό;Πελάτες εξωτερικού ΕΕ;;469,20;351,90;469,20
ΠΕΛΑ-00000739;ΚΑΜΠΑΣΗΣ ΜΗΝΑΣ ΣΠΥΡΙΔΩΝ;107323126;0,00;Ελλάδα;Κανονικό Καθεστώς;Πελάτες εσωτερικού;;598,84;598,84;523,82
ΠΕΛΑ-00000740;Fräulein K.;815567678;0,00;Germany;Ενδοκοινοτικό;Πελάτες εξωτερικού ΕΕ;;727,40;727,40;668,40
ΠΕΛΑ-00000741;Madame truffe;000000000;0,00;France;OSS France;Πελάτες λιανικής OSS;;261,12;261,12;112,35
ΠΕΛΑ-00000742;commod;U83199913;527,81;Austria;Ενδοκοινοτικό;Πελάτες εξωτερικού ΕΕ;;1.097,61;569,80;1.008,60
ΠΕΛΑ-00000743;FERRARA SRL;000000000;0,00;Italy;OSS Italy;Πελάτες λιανικής OSS;;468,81;468,81;354,76
ΠΕΛΑ-00000747;Besdar;861639674B01;0,00;Netherlands;Ενδοκοινοτικό;Πελάτες εξωτερικού ΕΕ;;443,74;443,74;403,20
ΠΕΛΑ-00000748;ΖΑΧΑΡΟΠΟΥΛΟΣ ΜΟΝΟΠΡΟΣΩΠΗ Ι Κ Ε;801838994;0,00;Ελλάδα;Κανονικό Καθεστώς;Πελάτες εσωτερικού;;1.548,45;1.548,45;1.248,75
ΠΕΛΑ-00000751;LITTLE CECILE;04837994896;0,00;France;Ενδοκοινοτικό;Πελάτες εξωτερικού ΕΕ;;860,63;860,63;792,60
ΠΕΛΑ-00000284;Matsch mit Sahne;319847071;520,37;Germany;Ενδοκοινοτικό;Πελάτες εξωτερικού ΕΕ;;5.332,99;4.812,62;3.611,68
ΠΕΛΑ-00000753;Zen Collective;44992948109;0,00;France;Ενδοκοινοτικό;Πελάτες εξωτερικού ΕΕ;;498,80;498,80;458,40
ΠΕΛΑ-00000754;Retail Customer IS;00000000;0,00;Iceland;Κανονικό Καθεστώς;Πελάτες εξωτερικού ΤΧ;;0,00;0,00;0,00
ΠΕΛΑ-00000755;Refugium Lunz;U78603879;0,00;Austria;Ενδοκοινοτικό;Πελάτες εξωτερικού ΕΕ;;558,65;558,65;361,65
ΠΕΛΑ-00000756;Verde;55150945G;0,00;Spain;Ενδοκοινοτικό;Πελάτες εξωτερικού ΕΕ;;258,50;258,50;227,40
ΠΕΛΑ-00000758;La Manducateca;B95791901;0,00;Spain;Ενδοκοινοτικό;Πελάτες εξωτερικού ΕΕ;;341,75;341,75;306,15
ΠΕΛΑ-00000759;Architektur Aktuell GmbH;U69903606;1.320,00;Austria;Ενδοκοινοτικό;Πελάτες εξωτερικού ΕΕ;;1.320,00;0,00;1.320,00
ΠΕΛΑ-00000760;Atelier Madelaine;11530720788;0,00;France;Ενδοκοινοτικό;Πελάτες εξωτερικού ΕΕ;;387,85;387,85;351,60
ΠΕΛΑ-00000761;Retail Customer DB;000000000;0,00;Dubai;Τρίτων Χωρών;Πελάτες εξωτερικού ΤΧ;;0,00;0,00;0,00
ΠΕΛΑ-00000763;Polpo Vught;003656042B35;0,00;Netherlands;Ενδοκοινοτικό;Πελάτες εξωτερικού ΕΕ;;177,00;177,00;150,00
ΠΕΛΑ-00000764;Jamón Arte Delicatessen;41669594B;0,00;Spain;Ενδοκοινοτικό;Πελάτες εξωτερικού ΕΕ;;713,35;713,35;655,35
ΠΕΛΑ-00000765;Herzgemacht Friedrichshagen;461942573;0,00;Germany;Ενδοκοινοτικό;Πελάτες εξωτερικού ΕΕ;;365,00;365,00;330,00
ΠΕΛΑ-00000766;Mützenmafia & mehr;U74220826;0,00;Austria;Ενδοκοινοτικό;Πελάτες εξωτερικού ΕΕ;;290,70;290,70;259,20
ΠΕΛΑ-00000767;Graine de Fille;84429976871;0,00;France;Ενδοκοινοτικό;Πελάτες εξωτερικού ΕΕ;;377,50;377,50;342,50
ΠΕΛΑ-00000768;Cool and the Kids;80904237062;-26,41;France;Ενδοκοινοτικό;Πελάτες εξωτερικού ΕΕ;;431,20;457,61;394,20
ΠΕΛΑ-00000770;ALA CARTE TRAVEL-ΤΟΥΡΙΣΤΙΚΕΣ ΕΠΙΧΕΙΡΗΣΕΙΣ ΜΟΝΟΠΡΟΣΩΠΗ ΕΤΑΙΡΕΙΑ ΠΕΡΙΟΡΙΣΜΕΝΗΣ ΕΥΘΥΝΗΣ Ε.Π.Ε.;999537332;-173,00;Ελλάδα;Κανονικό Καθεστώς;Πελάτες εσωτερικού;;528,00;701,00;467,26
ΠΕΛΑ-00000772;Ursule & Alex;17104251657;0,00;France;Ενδοκοινοτικό;Πελάτες εξωτερικού ΕΕ;;694,35;694,35;651,35
ΠΕΛΑ-00000774;miomio VINTAGE;343913648;128,55;Germany;Ενδοκοινοτικό;Πελάτες εξωτερικού ΕΕ;;559,23;430,68;514,20
ΠΕΛΑ-00000775;Schmidt's Papeterie;811889412;319,87;Germany;Ενδοκοινοτικό;Πελάτες εξωτερικού ΕΕ;;982,97;663,10;895,74
ΠΕΛΑ-00000776;POLSTER HANS JUERGEN WIHELM KURT;201314681;-385,00;Ελλάδα;Κανονικό Καθεστώς;Πελάτες εσωτερικού;;217,32;602,32;189,21
ΠΕΛΑ-00000777;Eureka Orléans;04329163257;0,00;France;Ενδοκοινοτικό;Πελάτες εξωτερικού ΕΕ;;221,62;221,62;192,60
ΠΕΛΑ-00000778;coeur;70990793101;48,15;France;Ενδοκοινοτικό;Πελάτες εξωτερικού ΕΕ;;221,62;173,47;192,60
ΠΕΛΑ-00000779;Retail Customer EE;000000000;0,00;Estonia;OSS Estonia;Πελάτες λιανικής OSS;;66,96;66,96;53,10
ΠΕΛΑ-00000048;DANTE TRADING MONOΠΡΟΣΩΠΗ ΕΠΕ;800588665;0,00;Ελλάδα;Κανονικό Καθεστώς;Πελάτες εσωτερικού;ΗΛΕΚΤΡΟΝΙΚΟ ΕΜΠΟΡΙΟ ΚΑΙ ΥΠΗΡΕΣΙΕΣ ΔΙΑΔΥΚΤΙΟΥ;0,00;0,00;0,00
ΠΕΛΑ-00000052;ΚΩΝΣΤΑΝΤΙΝΙΔΗΣ ΚΩΝΣΤΑΝΤΙΝΟΣ ΕΜΜΑΝΟΥ ΓΕΩΡΓΙΟΣ;140933750;731,43;Ελλάδα;Κανονικό Καθεστώς;Πελάτες εσωτερικού;Λιανικό εμπόριο;8.529,46;7.798,03;6.657,66
ΠΕΛΑ-00000053;ΣΤΑΜΟΥΛΗΣ Π ΚΑΙ ΣΙΑ ΟΕ;997450187;-0,57;Ελλάδα;Κανονικό Καθεστώς;Πελάτες εσωτερικού;ΕΣΤΙΑΤΟΡΙΟ;447,07;447,64;395,64
ΠΕΛΑ-00000055;Shop Neighbourhood;17271515168;0,00;Australia;Τρίτων Χωρών;Πελάτες εξωτερικού ΤΧ;ΕΜΠΟΡΙΟ ΤΡΟΦΙΜΩΝ & ΠΟΤΩΝ;0,00;0,00;0,00
ΠΕΛΑ-00000058;CC EU UNIPESSOAL LDA;516666290;0,00;Portugal;Ενδοκοινοτικό;Πελάτες εξωτερικού ΕΕ;ΕΜΠΟΡΙΟ;0,00;0,00;0,00
ΠΕΛΑ-00000060;Γ ΤΡΟΥΛΗΣ ΤΟΥΡΙΣΤΙΚΕΣ ΚΑΙ ΞΕΝΟΔΟΧΕΙΑΚΕΣ ΕΠΙΧΕΙΡΗΣΕΙΣ ΑΕ;094195148;136,85;Ελλάδα;Κανονικό Καθεστώς;Πελάτες εσωτερικού;ΞΕΝ. ΤΟΥΡ. ΕΠΙΧΕΙΡΗΣΕΙΣ;136,85;0,00;0,00
ΠΕΛΑ-00000061;NACARO FOODS I K E;000000000;4.099,23;Ελλάδα;Κανονικό Καθεστώς;Πελάτες εσωτερικού;ΕΜΠΟΡΙΟ ΤΡΟΦΙΜΩΝ;4.099,23;0,00;0,00
ΠΕΛΑ-00000064;LEONIDAS HOTEL 2 ΜΟΝΟΠΡΟΣΩΠΗ ΑΝΩΝΥΜΗ ΕΤΑΙΡΙΑ;997022992;0,00;Ελλάδα;Κανονικό Καθεστώς;Πελάτες εσωτερικού;ΞΕΝ. ΤΟΥΡ. ΕΠΙΧΕΙΡΗΣΕΙΣ;158,67;158,67;133,83
ΠΕΛΑ-00000067;ΠΑΤΡΙΚΙΟΣ ΚΩΝΣΤΑΝΤΙΝΟΣ ΓΕΡΑΣΙΜΟΣ;059762793;0,00;Ελλάδα;Κανονικό Καθεστώς;Πελάτες εσωτερικού;Λιανικο εμπόριο;0,00;0,00;0,00
ΠΕΛΑ-00000073;ΑΡΙΑΔΝΗ ΑΕ;094044506;0,00;Ελλάδα;Κανονικό Καθεστώς;Πελάτες εσωτερικού;ΞΕΝ. ΤΟΥΡ. ΕΠΙΧΕΙΡΗΣΕΙΣ;0,00;0,00;0,00
ΠΕΛΑ-00000076;ΑΦΟΙ ΤΡΟΥΛΗ ΑΕΞΤΕ;999082333;0,00;Ελλάδα;Κανονικό Καθεστώς;Πελάτες εσωτερικού;ΞΕΝ. ΤΟΥΡ. ΕΠΙΧΕΙΡΗΣΕΙΣ;0,00;0,00;0,00
ΠΕΛΑ-00000086;ΣΤΑΓΚΟΥΡΑΚΗΣ ΑΛΕΞΑΝ ΓΕΩΡΓΙΟΣ;035123811;0,00;Ελλάδα;Κανονικό Καθεστώς;Πελάτες εσωτερικού;Παραγωγή ξιδιού και υποκατάστατων του ξιδιού;0,00;0,00;0,00
ΠΕΛΑ-00000087;OIA OASIS ΕΤΕΡΟΡΡΥΘΜΗ ΕΤΑΙΡΕΙΑ;801740179;0,00;Ελλάδα;Κανονικό Καθεστώς;Πελάτες εσωτερικού;Λιανικο εμπόριο;0,00;0,00;0,00
ΠΕΛΑ-00000095;ΚΡΗΤΙΚΗ ΒΙΟΜΗΧΑΝΙΑ ΕΠΕΞΕΡΓ ΚΡΕΑΤ ΑΕΞΕ;094460317;313,34;Ελλάδα;Κανονικό Καθεστώς;Πελάτες εσωτερικού;ΕΜΠΟΡΙΟ;313,34;0,00;0,00
ΠΕΛΑ-00000111;Julada GmbH;DE340223952;0,00;Germany;Ενδοκοινοτικό;Πελάτες εξωτερικού ΕΕ;;0,00;0,00;0,00
ΠΕΛΑ-00000112;zum Glueck, Kurth + Lieder GbR;311807128;15,15;Germany;Ενδοκοινοτικό;Πελάτες εξωτερικού ΕΕ;;1.531,20;1.516,05;791,64
ΠΕΛΑ-00000113;Modern Life fun, S.L.;B67419697;378,27;Spain;Ενδοκοινοτικό;Πελάτες εξωτερικού ΕΕ;;1.257,38;879,11;1.163,84
ΠΕΛΑ-00000114;WE ARE DOT SL;ESB16509420;0,00;Ελλάδα;Ενδοκοινοτικό;Πελάτες εξωτερικού ΕΕ;;0,00;0,00;0,00
ΠΕΛΑ-00000115;LAGOM RETAIL LIMITED;GB325768967000;0,00;Great Britain;Τρίτων Χωρών;Πελάτες εξωτερικού ΤΧ;;0,00;0,00;0,00
ΠΕΛΑ-00000116;Ocelot Chocolate Ltd.;GB199880627;0,00;Great Britain;Τρίτων Χωρών;Πελάτες εξωτερικού ΤΧ;;0,00;0,00;0,00
ΠΕΛΑ-00000122;ΠΟΤΟΥ ΚΩΝΣΤΑΝΤΙΝΟΣ ΚΥΡΙΑΚΟΣ;038299822;0,00;Ελλάδα;Κανονικό Καθεστώς;Πελάτες εσωτερικού;Eμποριο ειδών υγιεινής διατροφής;0,00;0,00;0,00
ΠΕΛΑ-00000140;Faire Wholesale, Inc.;EIN: 81-4549038;0,00;United States of America;Τρίτων Χωρών;Πελάτες εξωτερικού ΤΧ;;0,00;0,00;0,00
ΠΕΛΑ-00000143;Quince & Cook;210649141;0,00;United Kingdom;Τρίτων Χωρών;Πελάτες εξωτερικού ΤΧ;;0,00;0,00;0,00
ΠΕΛΑ-00000163;ΜΑΡΙΑ ΣΟΥΛΑΔΑΚΗ ΣΟΥΛΑΔΑΚΗΣ ΔΗΜΗΤΡΗΣ ΟΜΟΡΡΥΘΜΗ ΕΤΑΙΡΕΙΑ;801789504;0,00;Ελλάδα;Κανονικό Καθεστώς;Πελάτες εσωτερικού;ΕΜΠΟΡΙΟ;0,00;0,00;0,00
ΠΕΛΑ-00000174;Hong Kong TV Shopping Network Co. Ltd`;62743672-000-02-23-0;0,00;China;Τρίτων Χωρών;Πελάτες εξωτερικού ΤΧ;;0,00;0,00;0,00
ΠΕΛΑ-00000177;Ô fil des saisons;72910769298;0,00;France;Ενδοκοινοτικό;Πελάτες εξωτερικού ΕΕ;;0,00;0,00;0,00
ΠΕΛΑ-00000179;NEOSOCIETY MUNICH;369093143;0,00;Germany;Ενδοκοινοτικό;Πελάτες εξωτερικού ΕΕ;;0,00;0,00;0,00
ΠΕΛΑ-00000182;Studio.drei;326318090;0,00;Germany;Ενδοκοινοτικό;Πελάτες εξωτερικού ΕΕ;;0,00;0,00;0,00
ΠΕΛΑ-00000184;Perlenfischer Store Köln;246708417;0,00;Germany;Ενδοκοινοτικό;Πελάτες εξωτερικού ΕΕ;;0,00;0,00;0,00
ΠΕΛΑ-00000185;Delicatess'n Coffee;40952323764;0,00;France;Ενδοκοινοτικό;Πελάτες εξωτερικού ΕΕ;;0,00;0,00;0,00
ΠΕΛΑ-00000189;Cigale Feinkost;285440870;40,64;Germany;Ενδοκοινοτικό;Πελάτες εξωτερικού ΕΕ;;534,60;493,96;270,90
ΠΕΛΑ-00000479;Die Buchfischerei;455812804;0,00;Germany;OSS Germany;Πελάτες εξωτερικού ΕΕ;;0,00;0,00;0,00
ΠΕΛΑ-00000480;maison de famille;fr26338720642;0,00;France;Ενδοκοινοτικό;Πελάτες εξωτερικού ΕΕ;;300,12;300,12;270,88
ΠΕΛΑ-00000481;Madahe Distribution SL;SPB42877704;0,00;Spain;Ενδοκοινοτικό;Πελάτες εξωτερικού ΕΕ;;0,00;0,00;0,00
ΠΕΛΑ-00000482;Petit Bonbon;721113215;0,00;Canada;Τρίτων Χωρών;Πελάτες εξωτερικού ΤΧ;;4.564,09;4.564,09;2.066,58
ΠΕΛΑ-00000401;MOOSGRÜN The Family Concept Store;DE349914923;191,37;Germany;Ενδοκοινοτικό;Πελάτες εξωτερικού ΕΕ;;545,88;354,51;489,71
ΠΕΛΑ-00000402;VIOLAS’ Hamburg - Eppendorf;191447092;661,50;Germany;Ενδοκοινοτικό;Πελάτες εξωτερικού ΕΕ;;2.277,64;1.616,14;1.172,54
ΠΕΛΑ-00000403;Le Bali;20927684464;37,81;France;Ενδοκοινοτικό;Πελάτες εξωτερικού ΕΕ;;296,74;258,93;265,80
ΠΕΛΑ-00000404;Oliven & Öl;CHE-370.948.526;0,00;Switzerland;Τρίτων Χωρών;Πελάτες εξωτερικού ΤΧ;;5.073,59;5.073,59;4.400,00
ΠΕΛΑ-00000406;Die POTTEERY - Teegeschäft und Keramik selbst bemalen;370355263;428,21;Germany;Ενδοκοινοτικό;Πελάτες εξωτερικού ΕΕ;;2.534,00;2.105,79;2.017,09
ΠΕΛΑ-00000407;Kaufhaus Popp;DE149772042;0,00;Germany;Ενδοκοινοτικό;Πελάτες εξωτερικού ΕΕ;;0,00;0,00;0,00
ΠΕΛΑ-00000408;ZeitRaum PopUp Shop;325652991;327,14;Germany;Ενδοκοινοτικό;Πελάτες εξωτερικού ΕΕ;;3.762,58;3.435,44;2.912,23
ΠΕΛΑ-00000410;248 COLMADO;B65311193;8,14;Spain;Ενδοκοινοτικό;Πελάτες εξωτερικού ΕΕ;;307,60;299,46;307,60
ΠΕΛΑ-00000412;Layback GmbH & Co. KG;305286868;622,62;Germany;Ενδοκοινοτικό;Πελάτες εξωτερικού ΕΕ;;1.002,22;379,60;952,59
ΠΕΛΑ-00000413;LE CAFARD SARL;12940292683;353,44;France;Ενδοκοινοτικό;Πελάτες εξωτερικού ΕΕ;;353,44;0,00;330,00
ΠΕΛΑ-00000414;Maison James close;FR89538247529;0,00;France;Ενδοκοινοτικό;Πελάτες εξωτερικού ΕΕ;;433,26;433,26;0,00
ΠΕΛΑ-00000415;Kaufhaus Hamburg;284404018;485,23;Germany;Ενδοκοινοτικό;Πελάτες εξωτερικού ΕΕ;;1.517,73;1.032,50;1.359,23
ΠΕΛΑ-00000416;Klaas. R + A Klaas Fashion GmbH;812942024;641,98;Germany;Ενδοκοινοτικό;Πελάτες εξωτερικού ΕΕ;;3.963,31;3.321,33;3.577,90
ΠΕΛΑ-00000417;Le Grand Magasin;17500702006;431,00;France;Ενδοκοινοτικό;Πελάτες εξωτερικού ΕΕ;;431,00;0,00;396,00
ΠΕΛΑ-00000418;GRAND BAIN;13903508893;0,00;France;Ενδοκοινοτικό;Πελάτες εξωτερικού ΕΕ;;0,00;0,00;0,00
ΠΕΛΑ-00000420;Adar - Traiteur & épicerie;65898361670;0,00;France;Ενδοκοινοτικό;Πελάτες εξωτερικού ΕΕ;;306,25;306,25;280,65
ΠΕΛΑ-00000421;KüchenliebeNeun;DE190710630;0,00;Germany;Ενδοκοινοτικό;Πελάτες εξωτερικού ΕΕ;;0,00;0,00;0,00
ΠΕΛΑ-00000422;SERENDIPITY;FR81911561694;384,20;France;Ενδοκοινοτικό;Πελάτες εξωτερικού ΕΕ;;1.215,81;831,61;1.065,59
ΠΕΛΑ-00000424;Resort - concept store;U68162347;0,00;Austria;Ενδοκοινοτικό;Πελάτες εξωτερικού ΕΕ;;1.238,30;1.238,30;864,20
ΠΕΛΑ-00000427;Épicerie du coin by Odran;FR28841114424;0,00;France;Ενδοκοινοτικό;Πελάτες εξωτερικού ΕΕ;;0,00;0,00;0,00
ΠΕΛΑ-00000718;SCHEE GmbH;304700744;2.978,05;Germany;Ενδοκοινοτικό;Πελάτες εξωτερικού ΕΕ;;8.704,40;5.726,35;8.172,15
ΠΕΛΑ-00000719;CHEZ CÉCÉ;000000000;0,00;France;OSS France;Πελάτες λιανικής OSS;;463,32;463,32;351,60
ΠΕΛΑ-00000720;Da Giulia épicerie;85530247097;361,80;France;Ενδοκοινοτικό;Πελάτες εξωτερικού ΕΕ;;1.774,41;1.412,61;1.622,00
ΠΕΛΑ-00000721;Depairon Distribution;0755370177;0,00;Belgium;Ενδοκοινοτικό;Πελάτες εξωτερικού ΕΕ;;296,60;296,60;132,30
ΠΕΛΑ-00000722;Papierblume Claudia Kraus;294910757;0,00;Germany;Ενδοκοινοτικό;Πελάτες εξωτερικού ΕΕ;;178,00;178,00;150,00
ΠΕΛΑ-00000723;Pizzetti Home Lda;516205854;23,25;Portugal;Ενδοκοινοτικό;Πελάτες εξωτερικού ΕΕ;;274,20;250,95;243,00
ΠΕΛΑ-00000724;Batela and Friends;369923858;0,00;Germany;Ενδοκοινοτικό;Πελάτες εξωτερικού ΕΕ;;364,40;364,40;330,00
ΠΕΛΑ-00000535;Retail Customer FL - &OPEN;;0,00;Finland;OSS Finland;Πελάτες λιανικής OSS;;0,00;0,00;0,00
ΠΕΛΑ-00000538;Stichting De Fenix;859714159B01;0,00;Netherlands;Ενδοκοινοτικό;Πελάτες εξωτερικού ΕΕ;ΕΜΠΟΡΙΟ;2.101,58;2.101,58;1.958,62
ΠΕΛΑ-00000539;Design Zentrum Nordrhein Westfalen e. V.;119655656;-239,40;Germany;Ενδοκοινοτικό;Πελάτες εξωτερικού ΕΕ;ΕΜΠΟΡΙΟ;842,40;1.081,80;770,40
ΠΕΛΑ-00000540;SINGULIER STORE;26888709284;68,76;France;Ενδοκοινοτικό;Πελάτες εξωτερικού ΕΕ;;1.564,81;1.496,05;458,40
ΠΕΛΑ-00000550;Sonar Project SRL;43066360;1.591,40;Romania;Ενδοκοινοτικό;Πελάτες εξωτερικού ΕΕ;;1.591,40;0,00;1.436,40
ΠΕΛΑ-00000560;Onesevensix;0773415741;0,00;Belgium;Ενδοκοινοτικό;Πελάτες εξωτερικού ΕΕ;;0,00;0,00;0,00
ΠΕΛΑ-00000575;STEFFL Handels GmbH;U65404127;13.495,06;Austria;Ενδοκοινοτικό;Πελάτες εξωτερικού ΕΕ;;13.495,06;0,00;-6.535,49
ΠΕΛΑ-00000579;YSCH - Visuelle Kommunikation;276912216;0,00;Germany;Κανονικό Καθεστώς;Πελάτες εξωτερικού ΕΕ;Γραφικές Τέχνες;0,00;0,00;0,00
ΠΕΛΑ-00000632;Echtzeit GmbH & Co.KG;169584313;0,00;Germany;Ενδοκοινοτικό;Πελάτες εξωτερικού ΕΕ;ΥΠΗΡΕΣΙΕΣ ΠΑΡΟΧΗΣ ΣΥΜΒΟΥΛΩΝ ΣΕ ΘΕΜΑΤΑ ΜΑΡΚΕΤΙΓΚ;71,50;71,50;71,50
ΠΕΛΑ-00000633;DRUGSTORE CHAMPS ELYSEES;30391517323;0,00;France;Ενδοκοινοτικό;Πελάτες εξωτερικού ΕΕ;;2.349,00;2.349,00;2.181,00
ΠΕΛΑ-00000637;La maison etoile;79890016991;0,00;France;Ενδοκοινοτικό;Πελάτες εξωτερικού ΕΕ;;304,76;304,76;164,76
ΠΕΛΑ-00000696;Winkontent Ltd;843893782;0,00;United Kingdom;Κανονικό Καθεστώς;Πελάτες εξωτερικού ΤΧ;;113,48;113,48;96,00
ΠΕΛΑ-00000305;AURA JUICES LDA;517649764;0,00;Portugal;Ενδοκοινοτικό;Πελάτες εξωτερικού ΕΕ;ΕΜΠΟΡΙΟ;0,00;0,00;0,00
ΠΕΛΑ-00000497;Hernández Oslo;934097564;0,00;Norway;Τρίτων Χωρών;Πελάτες εξωτερικού ΤΧ;;0,00;0,00;0,00
ΠΕΛΑ-00000498;Wallners Nudelei;ATU78337836;0,00;Austria;Ενδοκοινοτικό;Πελάτες εξωτερικού ΕΕ;;293,52;293,52;236,02
ΠΕΛΑ-00000214;RENOUVEAU;75887992147;0,00;France;Ενδοκοινοτικό;Πελάτες εξωτερικού ΕΕ;;0,00;0,00;0,00
ΠΕΛΑ-00000216;Rasmussons;292979396;0,00;Germany;Ενδοκοινοτικό;Πελάτες εξωτερικού ΕΕ;;0,00;0,00;0,00
ΠΕΛΑ-00000217;NOVEL;814384284;0,00;Germany;Ενδοκοινοτικό;Πελάτες εξωτερικού ΕΕ;;0,00;0,00;0,00
ΠΕΛΑ-00000302;Gumbostrand Konst & Form;21044803;0,00;Finland;Ενδοκοινοτικό;Πελάτες εξωτερικού ΕΕ;;0,00;0,00;0,00
ΠΕΛΑ-00000660;STOCKER GMBH;U19396106;0,20;Austria;Ενδοκοινοτικό;Πελάτες εξωτερικού ΕΕ;;673,20;673,00;613,20
ΠΕΛΑ-00000379;MEIN LIEBER SCHWAN. Concept Store;DE210322437;0,00;Germany;Ενδοκοινοτικό;Πελάτες εξωτερικού ΕΕ;;0,00;0,00;0,00
ΠΕΛΑ-00000380;Hey store GmbH;307571469;333,47;Germany;Ενδοκοινοτικό;Πελάτες εξωτερικού ΕΕ;;1.313,12;979,65;945,54
ΠΕΛΑ-00000382;Wandel...bar;DE367000800;0,00;Germany;Ενδοκοινοτικό;Πελάτες εξωτερικού ΕΕ;;0,00;0,00;0,00
ΠΕΛΑ-00000834;Blumen Bethli / Café Tübli;CHE114.785.081;498,71;Switzerland;Τρίτων Χωρών;Πελάτες εξωτερικού ΤΧ;;498,71;0,00;498,71
ΠΕΛΑ-00000835;Kuchlkastl;U66346901;380,32;Austria;Ενδοκοινοτικό;Πελάτες εξωτερικού ΕΕ;;380,32;0,00;380,32
ΠΕΛΑ-00000836;Behmann Mode;U67350635;981,20;Austria;Ενδοκοινοτικό;Πελάτες εξωτερικού ΕΕ;;981,20;0,00;981,20
ΠΕΛΑ-00000837;SvS Trading / Consulting;349059169;200,00;Germany;Ενδοκοινοτικό;Πελάτες εξωτερικού ΕΕ;;200,00;0,00;200,00
ΠΕΛΑ-00000838;Les Délices de l'Impérial;0882661101;175,93;Belgium;Ενδοκοινοτικό;Πελάτες εξωτερικού ΕΕ;;175,93;0,00;150,00
ΠΕΛΑ-00000839;matter urban market;277162204;531,28;Germany;Ενδοκοινοτικό;Πελάτες εξωτερικού ΕΕ;;531,28;0,00;491,24
ΠΕΛΑ-00000840;BloemBar;0746668485;385,80;Belgium;Ενδοκοινοτικό;Πελάτες εξωτερικού ΕΕ;;385,80;0,00;385,80
ΠΕΛΑ-00000841;Les Galeries 27;000000000;601,29;Switzerland;Τρίτων Χωρών;Πελάτες εξωτερικού ΤΧ;;601,29;0,00;514,20
ΠΕΛΑ-00000842;Frk. Mage;32312039;791,50;Denmark;Ενδοκοινοτικό;Πελάτες εξωτερικού ΕΕ;;791,50;0,00;739,20
ΠΕΛΑ-00000843;Doughpamine;46566831;394,20;Denmark;Ενδοκοινοτικό;Πελάτες εξωτερικού ΕΕ;;394,20;0,00;394,20
ΠΕΛΑ-00000844;UAB AUTOMATIZAVIMO SPRENDIMAI;100002447712;430,20;Lithuania;Ενδοκοινοτικό;Πελάτες εξωτερικού ΕΕ;;430,20;0,00;394,20
ΠΕΛΑ-00000845;Naturbursche Kulturgüter GmbH;291145675;463,17;Germany;Ενδοκοινοτικό;Πελάτες εξωτερικού ΕΕ;;463,17;0,00;416,20
ΠΕΛΑ-00000846;Die Beckerei;311308428;187,80;Germany;Ενδοκοινοτικό;Πελάτες εξωτερικού ΕΕ;;187,80;0,00;187,80
ΠΕΛΑ-00000602;Babylon Mercantile;000000000;0,00;United States of America;Τρίτων Χωρών;Πελάτες εξωτερικού ΤΧ;;1.098,64;1.098,64;0,00
ΠΕΛΑ-00000603;Precht GmbH;U75383924;0,00;Austria;Ενδοκοινοτικό;Πελάτες εξωτερικού ΕΕ;;0,00;0,00;0,00
ΠΕΛΑ-00000604;VIEW-MEDIA.BE BV;0732927149;0,00;Belgium;Ενδοκοινοτικό;Πελάτες εξωτερικού ΕΕ;;0,00;0,00;0,00
ΠΕΛΑ-00000605;Sarl Atelier b;77829671221;0,00;France;Ενδοκοινοτικό;Πελάτες εξωτερικού ΕΕ;;0,00;0,00;0,00
ΠΕΛΑ-00000606;Asc chaussure cordonnerie maroquinerie accessoires;02752360644;0,00;France;Ενδοκοινοτικό;Πελάτες εξωτερικού ΕΕ;;148,59;148,59;0,00
ΠΕΛΑ-00000607;Sara Jane;57532886199;0,00;France;Ενδοκοινοτικό;Πελάτες εξωτερικού ΕΕ;;299,17;299,17;0,00
ΠΕΛΑ-00000608;Kleine Bande, Daniela Merkel & Anya Roloff GbR;353334589;0,00;Germany;Ενδοκοινοτικό;Πελάτες εξωτερικού ΕΕ;;229,57;229,57;0,00
ΠΕΛΑ-00000609;Cooperativa din Deal;46362548;0,00;Romania;Ενδοκοινοτικό;Πελάτες εξωτερικού ΕΕ;;287,84;287,84;0,00
ΠΕΛΑ-00000610;Maisonnee;55850914052;0,00;France;Ενδοκοινοτικό;Πελάτες εξωτερικού ΕΕ;;251,65;251,65;0,00
ΠΕΛΑ-00000611;spot and co;000000000;0,00;Cyprus;OSS Cyprus;Πελάτες εξωτερικού ΕΕ;;533,01;533,01;0,00
ΠΕΛΑ-00000612;Hope In Style;05419710289;0,00;Italy;Ενδοκοινοτικό;Πελάτες εξωτερικού ΕΕ;;650,23;650,23;0,00
ΠΕΛΑ-00000613;BONREAL Immobilienvermittlung GmbH;U63330568;0,00;Austria;Ενδοκοινοτικό;Πελάτες εξωτερικού ΕΕ;;0,00;0,00;0,00
ΠΕΛΑ-00000614;Jähn & Bieg StBG PartG mbB;815795488;0,00;Germany;Ενδοκοινοτικό;Πελάτες εξωτερικού ΕΕ;;0,00;0,00;0,00
ΠΕΛΑ-00000615;Suite Professional Staging;000000000;0,00;United States of America;Τρίτων Χωρών;Πελάτες εξωτερικού ΤΧ;;450,74;450,74;0,00
ΠΕΛΑ-00000616;Moaai Design Shop;7811592506;0,00;Poland;Ενδοκοινοτικό;Πελάτες εξωτερικού ΕΕ;;350,58;350,58;0,00
ΠΕΛΑ-00000617;Nica's Cosmos - favourites for kids & mums;815916300;286,85;Germany;Ενδοκοινοτικό;Πελάτες εξωτερικού ΕΕ;;1.205,49;918,64;1.080,49
ΠΕΛΑ-00000618;Hej Hamborg;286120194;0,00;Germany;Ενδοκοινοτικό;Πελάτες εξωτερικού ΕΕ;;543,61;543,61;469,27
ΠΕΛΑ-00000619;Istorja House no9;10406840P;0,00;Cyprus;Ενδοκοινοτικό;Πελάτες εξωτερικού ΕΕ;;586,08;586,08;405,70
ΠΕΛΑ-00000620;Scally's SuperValu;3580867MH;942,60;Ireland;Ενδοκοινοτικό;Πελάτες εξωτερικού ΕΕ;;2.363,75;1.421,15;2.243,44
ΠΕΛΑ-00000621;A PAVI Concept Store;327475538;0,00;Germany;Ενδοκοινοτικό;Πελάτες εξωτερικού ΕΕ;;246,07;246,07;201,57
ΠΕΛΑ-00000622;Esplanaden FEM;556222913701;0,00;Sweden;Ενδοκοινοτικό;Πελάτες εξωτερικού ΕΕ;;481,00;481,00;394,17
ΠΕΛΑ-00000623;ROKING POPCORN;1016297308;0,00;Belgium;Ενδοκοινοτικό;Πελάτες εξωτερικού ΕΕ;;235,45;235,45;192,60
ΠΕΛΑ-00000624;ARCO PRIME GROUP  ΣΙΑ ΕΤΕΡΟΡΡΥΘΜΗ ΕΤΑΙΡΕΙΑ;802230872;523,77;Ελλάδα;Κανονικό Καθεστώς;Πελάτες εσωτερικού;;686,49;162,72;606,44
ΠΕΛΑ-00000625;Vitrin112 bv;1018637382;0,00;Belgium;Ενδοκοινοτικό;Πελάτες εξωτερικού ΕΕ;;55,41;55,41;49,00
ΠΕΛΑ-00000626;Rosarot;331838480;0,00;Germany;Ενδοκοινοτικό;Πελάτες εξωτερικού ΕΕ;;1.011,39;1.011,39;906,92
ΠΕΛΑ-00000627;Gustonarium;293473303;0,00;Germany;Ενδοκοινοτικό;Πελάτες εξωτερικού ΕΕ;;244,55;244,55;201,41
ΠΕΛΑ-00000499;Fair Affairs GmbH;350837580;0,00;Germany;Ενδοκοινοτικό;Πελάτες εξωτερικού ΕΕ;;326,30;326,30;0,00
ΠΕΛΑ-00000500;tischkultur!;812062684;0,00;Germany;Ενδοκοινοτικό;Πελάτες εξωτερικού ΕΕ;;0,00;0,00;0,00
ΠΕΛΑ-00000501;GOPF!einrichtungen gmbh;CHE-108.804.830;0,00;Switzerland;Τρίτων Χωρών;Πελάτες εξωτερικού ΤΧ;;517,92;517,92;422,56
ΠΕΛΑ-00000506;Petite Puce GmbH;CHE-328657852;1.087,30;Switzerland;Τρίτων Χωρών;Πελάτες εξωτερικού ΤΧ;;2.249,69;1.162,39;1.898,37
ΠΕΛΑ-00000507;monomint;366274360;22,27;Germany;Ενδοκοινοτικό;Πελάτες εξωτερικού ΕΕ;;826,25;803,98;778,20
ΠΕΛΑ-00000508;GEORGIOS+ CO;75709311681;0,00;Australia;Τρίτων Χωρών;Πελάτες εξωτερικού ΤΧ;;332,40;332,40;215,47
ΠΕΛΑ-00000509;The Corner;27483524;0,00;Finland;Ενδοκοινοτικό;Πελάτες εξωτερικού ΕΕ;;1.977,60;1.977,60;549,48
ΠΕΛΑ-00000695;Juntos Deli;B57878290;1.123,74;Spain;Ενδοκοινοτικό;Πελάτες εξωτερικού ΕΕ;;4.218,61;3.094,87;3.972,16
ΠΕΛΑ-00000697;Charlottes Concept Store;341359283;0,00;Germany;Ενδοκοινοτικό;Πελάτες εξωτερικού ΕΕ;;567,02;567,02;528,50
ΠΕΛΑ-00000698;wienzwoelf & friends concept store;U66931500;-3,72;Austria;Ενδοκοινοτικό;Πελάτες εξωτερικού ΕΕ;;660,36;664,08;601,49
ΠΕΛΑ-00000699;Tilia;00918576513;0,00;France;Ενδοκοινοτικό;Πελάτες εξωτερικού ΕΕ;;949,57;949,57;881,80
ΠΕΛΑ-00000700;STOOR.;283751152;0,00;Germany;Ενδοκοινοτικό;Πελάτες εξωτερικού ΕΕ;;441,56;441,56;255,24
ΠΕΛΑ-00000701;Georgette et Cie;38918573163;0,00;France;Ενδοκοινοτικό;Πελάτες εξωτερικού ΕΕ;;507,79;507,79;450,50
ΠΕΛΑ-00000703;Atelier Depaepe;0808741260;0,00;Belgium;Ενδοκοινοτικό;Πελάτες εξωτερικού ΕΕ;;570,45;570,45;528,28
ΠΕΛΑ-00000704;Det lille Madhus;DK44066483;0,00;Denmark;OSS Denmark;Πελάτες εξωτερικού ΕΕ;;899,80;899,80;569,44
ΠΕΛΑ-00000705;NESTOR ET SUZIE;27900044090;0,00;France;Ενδοκοινοτικό;Πελάτες εξωτερικού ΕΕ;;767,50;767,50;702,60
ΠΕΛΑ-00000706;Brünings Scheune Fischerhude;266274103;0,00;Germany;Ενδοκοινοτικό;Πελάτες εξωτερικού ΕΕ;;247,61;247,61;221,25
ΠΕΛΑ-00000707;sin amor, no | morning bar;Y7697674W;0,00;Spain;Ενδοκοινοτικό;Πελάτες εξωτερικού ΕΕ;;190,22;190,22;163,20
ΠΕΛΑ-00000459;Nojii concept store;32508976693;39,87;France;Ενδοκοινοτικό;Πελάτες εξωτερικού ΕΕ;;561,40;521,53;530,40
ΠΕΛΑ-00000460;Mariposa Interior & Design Jürgen Nazor;DE208076164;0,00;Germany;Ενδοκοινοτικό;Πελάτες εξωτερικού ΕΕ;;0,00;0,00;0,00
ΠΕΛΑ-00000463;RAVITO;FR39941515959;0,00;France;Ενδοκοινοτικό;Πελάτες εξωτερικού ΕΕ;;293,44;293,44;236,56
ΠΕΛΑ-00000546;Suite 21 STORE;811562264;0,00;Germany;Ενδοκοινοτικό;Πελάτες εξωτερικού ΕΕ;;0,00;0,00;0,00
ΠΕΛΑ-00000547;Making Little Things;113972367;0,00;Switzerland;Τρίτων Χωρών;Πελάτες εξωτερικού ΕΕ;;0,00;0,00;0,00
ΠΕΛΑ-00000549;Leithenmair GmbH;U62385029;0,00;Austria;Ενδοκοινοτικό;Πελάτες εξωτερικού ΕΕ;;0,00;0,00;-803,04
ΠΕΛΑ-00000551;Thomas flowers;0422682844;1.171,61;Belgium;Ενδοκοινοτικό;Πελάτες εξωτερικού ΕΕ;;3.435,61;2.264,00;3.089,87
ΠΕΛΑ-00000552;Frieda Hain;324553514;0,00;Germany;Ενδοκοινοτικό;Πελάτες εξωτερικού ΕΕ;;0,00;0,00;0,00
ΠΕΛΑ-00000553;LITTLE CASBA;54481217693;0,00;France;Ενδοκοινοτικό;Πελάτες εξωτερικού ΕΕ;;0,00;0,00;0,00
ΠΕΛΑ-00000213;Bio-Deli Claudia Klauck;815770702;0,00;Germany;Ενδοκοινοτικό;Πελάτες εξωτερικού ΕΕ;;0,00;0,00;0,00
ΠΕΛΑ-00000051;BEETROOT ΑΝΩΝΥΜΗ ΕΤΑΙΡΕΙΑ;999427641;0,00;Ελλάδα;Κανονικό Καθεστώς;Πελάτες εσωτερικού;ΓΡΑΦΙΣΤΙΚΕΣ ΥΠΗΡΕΣΙΕΣ;3,51;3,51;0,00
ΠΕΛΑ-00000056;Retail Customer GE;000000000;0,00;Germany;OSS Germany;Πελάτες λιανικής OSS;;13.428,36;13.428,36;11.468,57
ΠΕΛΑ-00000057;Retail Customer UK;000000000;0,00;Great Britain;Κανονικό Καθεστώς;Πελάτες εξωτερικού ΤΧ;;3.926,21;3.926,21;2.909,51
ΠΕΛΑ-00000063;Retail Customer FR;000000000;0,00;France;OSS France;Πελάτες λιανικής OSS;;4.638,85;4.638,85;4.179,60
ΠΕΛΑ-00000065;Beauty Basket Inc;EIN: 82-4822708;2.093,73;United States of America;Τρίτων Χωρών;Πελάτες εξωτερικού ΤΧ;;2.093,73;0,00;0,00
ΠΕΛΑ-00000071;Retail Customer GR;000000000;0,00;Greece;Κανονικό Καθεστώς;Πελάτες λιανικής;;48,12;48,12;40,71
ΠΕΛΑ-00000260;ΞΕΝΟΔΟΧΕΙΑΚΕΣ ΤΟΥΡΙΣΤΙΚΕΣ ΕΜΠΟΡΙΚΕΣ ΝΑΥΤΙΛΙΑΚΕΣ ΚΑΙ ΚΑΤΑΣΚΕΥΑΣΤΙΚΕΣ ΕΠΙΧΕΙΡΗΣΕΙΣ ΑΕ;094204463;512,20;Ελλάδα;Κανονικό Καθεστώς;Πελάτες εσωτερικού;ΞΕΝ. ΤΟΥΡ. ΕΠΙΧΕΙΡΗΣΕΙΣ;512,20;0,00;0,00
ΠΕΛΑ-00000265;SMOOCHIE B.V.;859742374B01;3.552,60;Netherlands;Ενδοκοινοτικό;Πελάτες εξωτερικού ΕΕ;;3.552,60;0,00;0,00
ΠΕΛΑ-00000679;Buchhandlung Franzis Hensch;175531514;0,00;Germany;Ενδοκοινοτικό;Πελάτες εξωτερικού ΕΕ;;274,21;274,21;244,72
ΠΕΛΑ-00000680;DecoZone;0693938097;0,00;Belgium;Ενδοκοινοτικό;Πελάτες εξωτερικού ΕΕ;;429,40;429,40;395,43
ΠΕΛΑ-00000681;Cicorella Alimentari;337590678;0,00;Germany;Ενδοκοινοτικό;Πελάτες εξωτερικού ΕΕ;;429,40;429,40;395,43
ΠΕΛΑ-00000682;Petit Mercado;0730665465;0,00;Belgium;Ενδοκοινοτικό;Πελάτες εξωτερικού ΕΕ;;717,43;717,43;665,37
ΠΕΛΑ-00000683;Fleux;22481283901;0,00;France;Ενδοκοινοτικό;Πελάτες εξωτερικού ΕΕ;;1.402,53;1.402,53;1.307,85
ΠΕΛΑ-00000684;Krawany Hobby & Spiel;U68798189;0,00;Austria;Ενδοκοινοτικό;Πελάτες εξωτερικού ΕΕ;;912,43;912,43;841,23
ΠΕΛΑ-00000685;Frau Rabe;340740399;729,20;Germany;Ενδοκοινοτικό;Πελάτες εξωτερικού ΕΕ;;2.439,04;1.709,84;2.263,84
ΠΕΛΑ-00000686;Einrichtungshaus Blennemann Duisburg;813680484;0,00;Germany;Ενδοκοινοτικό;Πελάτες εξωτερικού ΕΕ;;896,78;896,78;830,67
ΠΕΛΑ-00000687;Roman Artizanal;000000000;0,00;Romania;OSS Romania;Πελάτες λιανικής OSS;;498,61;498,61;380,69
ΠΕΛΑ-00000688;EUROP UNION INTELECTOUAL;;-787,50;Ελλάδα;Κανονικό Καθεστώς;ΠΡΟΚΑΤΑΒΟΛΕΣ ΠΕΛΑΤΩΝ;;0,00;787,50;0,00
ΠΕΛΑ-00000689;central cafe & store;CHE-484.143.305;0,00;Switzerland;Τρίτων Χωρών;Πελάτες εξωτερικού ΤΧ;;403,09;403,09;373,68
ΠΕΛΑ-00000690;OTIUM Concept GbR;454589514;0,00;Germany;Ενδοκοινοτικό;Πελάτες εξωτερικού ΕΕ;;535,56;535,56;496,98
ΠΕΛΑ-00000691;Some Dose Coffee Turners Cross;3886054WH;60,48;Ireland;Ενδοκοινοτικό;Πελάτες εξωτερικού ΕΕ;;715,89;655,41;685,48
ΠΕΛΑ-00000692;Gifted;5223145560;0,00;Poland;Ενδοκοινοτικό;Πελάτες εξωτερικού ΕΕ;;2.016,25;2.016,25;1.863,25
ΠΕΛΑ-00000693;Super Gem;340047426;0,00;Germany;Ενδοκοινοτικό;Πελάτες εξωτερικού ΕΕ;;287,01;287,01;128,83
ΠΕΛΑ-00000694;Dinzler Kaffeerösterei AG;213294178;0,00;Germany;Ενδοκοινοτικό;Πελάτες εξωτερικού ΕΕ;;438,76;438,76;438,75
ΠΕΛΑ-00000198;WSQR Lifestyle ug;326948634;0,00;Germany;Ενδοκοινοτικό;Πελάτες εξωτερικού ΕΕ;;0,00;0,00;0,00
ΠΕΛΑ-00000199;Leut Thorn;864185698B01;0,00;Netherlands;Ενδοκοινοτικό;Πελάτες εξωτερικού ΕΕ;;0,00;0,00;0,00
ΠΕΛΑ-00000702;oogkliniek antwerpen;0461111175;0,00;Belgium;Ενδοκοινοτικό;Πελάτες εξωτερικού ΕΕ;;180,98;180,98;180,98
ΠΕΛΑ-00000309;Papperlapapp;368786220;0,00;Germany;Ενδοκοινοτικό;Πελάτες εξωτερικού ΕΕ;;0,00;0,00;0,00
ΠΕΛΑ-00000312;LA FABRIK DE MADEMOISELLE COCO MANGO;51811281823;0,00;France;Ενδοκοινοτικό;Πελάτες εξωτερικού ΕΕ;;0,00;0,00;0,00
ΠΕΛΑ-00000313;Pack & Schnack;343380532;0,00;Germany;Ενδοκοινοτικό;Πελάτες εξωτερικού ΕΕ;;0,00;0,00;0,00
ΠΕΛΑ-00000203;3M Genusswerte GmbH;345410354;0,00;Germany;Ενδοκοινοτικό;Πελάτες εξωτερικού ΕΕ;;0,00;0,00;0,00
ΠΕΛΑ-00000204;FABLAB AB;556960722801;0,00;Sweden;Ενδοκοινοτικό;Πελάτες εξωτερικού ΕΕ;ΕΜΠΟΡΙΟ;0,00;0,00;0,00
ΠΕΛΑ-00000321;Vivres l'épicerie;62903689685;0,00;France;Ενδοκοινοτικό;Πελάτες εξωτερικού ΕΕ;;462,10;462,10;421,80
ΠΕΛΑ-00000322;café Caillou;100997464;0,00;Switzerland;Τρίτων Χωρών;Πελάτες εξωτερικού ΤΧ;ΕΜΠΟΡΙΟ;0,00;0,00;0,00
ΠΕΛΑ-00000800;Fidea Design Concept Store;CHE-114-467-161;766,50;Switzerland;Τρίτων Χωρών;Πελάτες εξωτερικού ΤΧ;;766,50;0,00;670,80
ΠΕΛΑ-00000277;MAISON 35 JUILLET;08914871439;56,28;France;Ενδοκοινοτικό;Πελάτες εξωτερικού ΕΕ;;336,80;280,52;301,80
ΠΕΛΑ-00000279;Steengaard Gourmet & Livsstil;42152129;0,00;Denmark;Ενδοκοινοτικό;Πελάτες εξωτερικού ΕΕ;ΕΜΠΟΡΙΟ;0,00;0,00;0,00
ΠΕΛΑ-00000280;La Cósmica: Concept Store;71657537W;0,00;Spain;Ενδοκοινοτικό;Πελάτες εξωτερικού ΕΕ;;406,40;406,40;371,40
ΠΕΛΑ-00000384;Just Gourmet Foods Limited;299521753;38.832,49;United Kingdom;Τρίτων Χωρών;Πελάτες εξωτερικού ΤΧ;;123.740,40;84.907,91;115.763,40
ΠΕΛΑ-00000387;La dicha;76265432P;0,00;Spain;Ενδοκοινοτικό;Πελάτες εξωτερικού ΕΕ;;333,20;333,20;305,40
ΠΕΛΑ-00000389;Maraca;B09703927;0,00;Spain;Ενδοκοινοτικό;Πελάτες εξωτερικού ΕΕ;;0,00;0,00;0,00
ΠΕΛΑ-00000392;Jaime Sàrl - Fleuriste & concept store;CH-393.593.581;0,00;Switzerland;Τρίτων Χωρών;Πελάτες εξωτερικού ΤΧ;;3.432,50;3.432,50;2.185,76
ΠΕΛΑ-00000394;Café Vue Store;312150935;0,00;Germany;Ενδοκοινοτικό;Πελάτες εξωτερικού ΕΕ;;1.594,73;1.594,73;1.406,81
ΠΕΛΑ-00000395;Charlotte & the Kids.;DE348363849;0,00;Germany;Ενδοκοινοτικό;Πελάτες εξωτερικού ΕΕ;;0,00;0,00;0,00
ΠΕΛΑ-00000396;STANA schönes wohnen und mehr;313208755;0,00;Germany;Ενδοκοινοτικό;Πελάτες εξωτερικού ΕΕ;;619,50;619,50;519,56
ΠΕΛΑ-00000792;Le petit bazzar de Madeleine et Suzanne;06834135493;587,25;France;Ενδοκοινοτικό;Πελάτες εξωτερικού ΕΕ;;1.130,40;543,15;1.096,40
ΠΕΛΑ-00000793;MM CAKES;10941151391;40,66;France;Ενδοκοινοτικό;Πελάτες εξωτερικού ΕΕ;;210,68;170,02;183,50
ΠΕΛΑ-00000794;Kaufmanns' Genuss & Geschenke KG;U77011779;49,57;Austria;Ενδοκοινοτικό;Πελάτες εξωτερικού ΕΕ;;216,87;167,30;188,40
ΠΕΛΑ-00000795;Landfuxx Niederaula OHG;456053208;-2,14;Germany;Ενδοκοινοτικό;Πελάτες εξωτερικού ΕΕ;;1.278,56;1.280,70;1.158,70
ΠΕΛΑ-00000796;V&V;63819043670;130,65;France;Ενδοκοινοτικό;Πελάτες εξωτερικού ΕΕ;;565,10;434,45;522,60
ΠΕΛΑ-00000797;Le Silo;CHE-284.368.174;135,74;Switzerland;Τρίτων Χωρών;Πελάτες εξωτερικού ΤΧ;;490,24;354,50;423,00
ΠΕΛΑ-00000798;Blumenhaus am Hochweg;167831680;0,00;Germany;Ενδοκοινοτικό;Πελάτες εξωτερικού ΕΕ;;74,50;74,50;74,50
ΠΕΛΑ-00000222;Yiayia and Friends Korea;373-81-03049;189.393,69;Korea;Τρίτων Χωρών;Πελάτες εξωτερικού ΤΧ;;1.321.597,18;1.132.203,49;1.008.859,97
ΠΕΛΑ-00000307;Aux petits Bonheurs La chance;45952381804;0,00;France;Ενδοκοινοτικό;Πελάτες εξωτερικού ΕΕ;;0,00;0,00;0,00
ΠΕΛΑ-00000308;Bombance;60953565694;0,00;France;Ενδοκοινοτικό;Πελάτες εξωτερικού ΕΕ;;0,00;0,00;0,00
ΠΕΛΑ-00000257;ΩΚΕΑΝΙΔΑ ΑΝΩΝΥΜΗ ΞΕΝΟΔΟΧΕΙΑΚΗ ΚΑΙ ΤΟΥΡΙΣΤΙΚΗ ΕΤΑΙΡΕΙΑ;094521376;0,00;Ελλάδα;Κανονικό Καθεστώς;Πελάτες εσωτερικού;ΞΕΝ. ΤΟΥΡ. ΕΠΙΧΕΙΡΗΣΕΙΣ;0,00;0,00;0,00
ΠΕΛΑ-00000447;UNIMARKT Graz-Waltendorf;ATU81879647;0,00;Austria;Ενδοκοινοτικό;Πελάτες εξωτερικού ΕΕ;;0,00;0,00;0,00
ΠΕΛΑ-00000448;Emilie's , Glenbeigh CO Kerry;IE3558472LH;662,69;Ireland;Ενδοκοινοτικό;Πελάτες εξωτερικού ΕΕ;;662,69;0,00;616,60
ΠΕΛΑ-00000449;1000-sassa;CHE-325.648.288;218,25;Switzerland;Τρίτων Χωρών;Πελάτες εξωτερικού ΤΧ;;2.101,23;1.882,98;1.963,90
ΠΕΛΑ-00000450;WEIDE;257547031;0,00;Germany;Ενδοκοινοτικό;Πελάτες εξωτερικού ΕΕ;;315,25;315,25;0,00
ΠΕΛΑ-00000451;MOON - le concept store by muse;FR62897452488;0,00;France;Ενδοκοινοτικό;Πελάτες εξωτερικού ΕΕ;;740,37;740,37;619,58
ΠΕΛΑ-00000452;Studio Bubblegum GmbH;450651605;0,00;Germany;Ενδοκοινοτικό;Πελάτες εξωτερικού ΕΕ;;1.895,20;1.895,20;1.301,48
ΠΕΛΑ-00000453;Coffee Club 1130;ATU81816536;0,00;Austria;Ενδοκοινοτικό;Πελάτες εξωτερικού ΕΕ;;0,00;0,00;0,00
ΠΕΛΑ-00000454;Retail Customer MY;;0,00;Malaysia;Κανονικό Καθεστώς;Πελάτες εξωτερικού ΤΧ;;83,06;83,06;45,58
ΠΕΛΑ-00000455;Lila - schöne Dinge;CHE-406.774.355;0,00;Switzerland;Τρίτων Χωρών;Πελάτες εξωτερικού ΤΧ;;0,00;0,00;0,00
ΠΕΛΑ-00000485;THREE MONKEYS 030 concept store;167414668;0,00;Germany;Ενδοκοινοτικό;Πελάτες εξωτερικού ΕΕ;;972,28;972,28;847,26
ΠΕΛΑ-00000487;Astrantia - Décoration, Mobilier, Cadeaux;FR88849412309;0,00;France;Ενδοκοινοτικό;Πελάτες εξωτερικού ΕΕ;;0,00;0,00;0,00
ΠΕΛΑ-00000488;les coquettes à paillettes;37941319113;0,00;France;Ενδοκοινοτικό;Πελάτες εξωτερικού ΕΕ;;271,80;271,80;0,00
ΠΕΛΑ-00000489;Les Toiles du Soleil;FR70842502411;0,00;France;Ενδοκοινοτικό;Πελάτες εξωτερικού ΕΕ;;0,00;0,00;0,00
ΠΕΛΑ-00000491;HEY SOHO GmbH & Co. KG;344351199;0,00;Germany;Ενδοκοινοτικό;Πελάτες εξωτερικού ΕΕ;;455,98;455,98;403,64
ΠΕΛΑ-00000492;Spiti Hêlios;FR60821444031;0,00;France;Ενδοκοινοτικό;Πελάτες εξωτερικού ΕΕ;;0,00;0,00;0,00
ΠΕΛΑ-00000494;Bengal Spice Club SL;B56894231;1.171,60;Spain;Ενδοκοινοτικό;Πελάτες εξωτερικού ΕΕ;;2.088,90;917,30;2.015,61
ΠΕΛΑ-00000495;Bürstenfabrik Keller GmbH;DE232028969;0,00;Germany;Ενδοκοινοτικό;Πελάτες εξωτερικού ΕΕ;;0,00;0,00;0,00
ΠΕΛΑ-00000847;Lisa Doil;287753911;0,00;Germany;Ενδοκοινοτικό;Πελάτες εξωτερικού ΕΕ;ΥΠΗΡΕΣΙΕΣ ΠΑΡΟΧΗΣ ΣΥΜΒΟΥΛΩΝ ΣΕ ΘΕΜΑΤΑ ΜΑΡΚΕΤΙΓΚ;74,50;74,50;74,50
ΠΕΛΑ-00000744;Aestus Commv;1033853615;0,00;Belgium;Ενδοκοινοτικό;Πελάτες εξωτερικού ΕΕ;;65,00;65,00;65,00
ΠΕΛΑ-00000711;Rewind;0817276666;1.047,98;Belgium;Ενδοκοινοτικό;Πελάτες εξωτερικού ΕΕ;;2.847,48;1.799,50;2.637,60
ΠΕΛΑ-00000712;Wunderkammer;02670960422;0,00;Italy;Ενδοκοινοτικό;Πελάτες εξωτερικού ΕΕ;;271,20;271,20;271,20
ΠΕΛΑ-00000541;Opa & An;002041362B03;0,00;Netherlands;Ενδοκοινοτικό;Πελάτες εξωτερικού ΕΕ;;1.271,01;1.271,01;1.148,67
ΠΕΛΑ-00000542;Geliu dziazas;589379515;0,00;Lithuania;Ενδοκοινοτικό;Πελάτες εξωτερικού ΕΕ;;0,00;0,00;0,00
ΠΕΛΑ-00000543;Shop54;79489543470;0,00;France;Ενδοκοινοτικό;Πελάτες εξωτερικού ΕΕ;;0,00;0,00;0,00
ΠΕΛΑ-00000544;Poppy‘s;U75596623;0,00;Austria;Ενδοκοινοτικό;Πελάτες εξωτερικού ΕΕ;;0,00;0,00;0,00
ΠΕΛΑ-00000545;SCHWARZ the fashion concept;301153951;0,00;Germany;Ενδοκοινοτικό;Πελάτες εξωτερικού ΕΕ;;0,00;0,00;0,00
ΠΕΛΑ-00000001;ΠΕΛΑΤΗΣ ΛΙΑΝΙΚΗΣ;000000000;-175,46;Ελλάδα;Κανονικό Καθεστώς;Πελάτες λιανικής;;4.522,55;4.698,01;3.894,10
ΠΕΛΑ-00000714;Hej! Die kleine Wohnboutique;333349655;1.686,66;Germany;Ενδοκοινοτικό;Πελάτες εξωτερικού ΕΕ;;2.347,26;660,60;2.266,00
ΠΕΛΑ-00000801;Feli Almacén;B86770146;111,70;Spain;Ενδοκοινοτικό;Πελάτες εξωτερικού ΕΕ;;111,70;0,00;111,70
ΠΕΛΑ-00000802;Ypnotic;127997666;448,20;Germany;Ενδοκοινοτικό;Πελάτες εξωτερικού ΕΕ;;448,20;0,00;448,20
ΠΕΛΑ-00000803;Stilbude Catharina König e.K.;359005121;507,20;Germany;Ενδοκοινοτικό;Πελάτες εξωτερικού ΕΕ;;507,20;0,00;469,20
ΠΕΛΑ-00000804;Stadtapotheke zur goldenen Krone;U76853601;514,20;Austria;Ενδοκοινοτικό;Πελάτες εξωτερικού ΕΕ;;514,20;0,00;514,20
ΠΕΛΑ-00000805;Mode Zinser;146890469;0,00;Germany;Ενδοκοινοτικό;Πελάτες εξωτερικού ΕΕ;;0,00;0,00;0,00
ΠΕΛΑ-00000806;Thomas Schubert;000000000;859,18;Germany;OSS Germany;Πελάτες λιανικής OSS;;859,18;0,00;722,00
ΠΕΛΑ-00000807;Art Unlimited;000000000;194,21;Germany;OSS Germany;Πελάτες λιανικής OSS;;194,21;0,00;141,71
ΠΕΛΑ-00000808;Huss Elektro GmbH;147820650;624,40;Germany;Ενδοκοινοτικό;Πελάτες εξωτερικού ΕΕ;;624,40;0,00;624,40
ΠΕΛΑ-00000809;Süßkramdealer;244864238;411,00;Germany;Ενδοκοινοτικό;Πελάτες εξωτερικού ΕΕ;;411,00;0,00;411,00
ΠΕΛΑ-00000810;wohnkram;U68289835;1.266,74;Austria;Ενδοκοινοτικό;Πελάτες εξωτερικού ΕΕ;;1.266,74;0,00;1.266,74
ΠΕΛΑ-00000811;Einrichtungshaus Föger GmbH;U71126257;0,00;Austria;Ενδοκοινοτικό;Πελάτες εξωτερικού ΕΕ;;0,00;0,00;0,00
ΠΕΛΑ-00000812;NOUVEL ÉTÉ GmbH;CHE-177.639.918;260,27;Switzerland;Τρίτων Χωρών;Πελάτες εξωτερικού ΤΧ;;260,27;0,00;205,02
ΠΕΛΑ-00000813;Quiroga design sl;B87132403;370,54;Spain;Ενδοκοινοτικό;Πελάτες εξωτερικού ΕΕ;;370,54;0,00;370,54
ΠΕΛΑ-00000814;Resis kleine Freuden;U73923604;445,40;Austria;Ενδοκοινοτικό;Πελάτες εξωτερικού ΕΕ;;445,40;0,00;445,40
ΠΕΛΑ-00000815;Church - Café boutique;64984357731;208,41;France;Ενδοκοινοτικό;Πελάτες εξωτερικού ΕΕ;;208,41;0,00;179,60
ΠΕΛΑ-00000816;Taudtmann Café und Bistro Gmbh;281159225;177,88;Germany;Ενδοκοινοτικό;Πελάτες εξωτερικού ΕΕ;;177,88;0,00;150,00
ΠΕΛΑ-00000817;Halleiner Kisterl;U74348324;496,00;Austria;Ενδοκοινοτικό;Πελάτες εξωτερικού ΕΕ;;496,00;0,00;496,00
ΠΕΛΑ-00000818;Casa Coco;005395328B30;407,60;Netherlands;Ενδοκοινοτικό;Πελάτες εξωτερικού ΕΕ;;407,60;0,00;351,60
ΠΕΛΑ-00000819;COVEROVER;06980457;467,90;Czech Republic;Ενδοκοινοτικό;Πελάτες εξωτερικού ΕΕ;;467,90;0,00;430,90
ΠΕΛΑ-00000820;Forward Creatives GmbH;U73916729;0,00;Austria;Ενδοκοινοτικό;Πελάτες εξωτερικού ΕΕ;;6.000,00;6.000,00;6.000,00
ΠΕΛΑ-00000821;Fraai Winkeltje;001683746B87;221,60;Netherlands;Ενδοκοινοτικό;Πελάτες εξωτερικού ΕΕ;;221,60;0,00;201,60
ΠΕΛΑ-00000822;Junes Green Concept;269771470;643,61;Germany;Ενδοκοινοτικό;Πελάτες εξωτερικού ΕΕ;;643,61;0,00;591,66
ΠΕΛΑ-00000823;Retail Customer CN;000000000;0,00;Canaries;Κανονικό Καθεστώς;Πελάτες εξωτερικού ΤΧ;;60,33;60,33;53,39
ΠΕΛΑ-00000824;Schneewittchen für Zwerge;U64105113;893,01;Austria;Ενδοκοινοτικό;Πελάτες εξωτερικού ΕΕ;;893,01;0,00;893,01
ΠΕΛΑ-00000825;BOLD. concept store;305663725;472,92;Germany;Ενδοκοινοτικό;Πελάτες εξωτερικού ΕΕ;;472,92;0,00;441,04
ΠΕΛΑ-00000826;Unika living;41838442;638,66;Denmark;Ενδοκοινοτικό;Πελάτες εξωτερικού ΕΕ;;638,66;0,00;638,66
ΠΕΛΑ-00000827;YUPPIEKOK BV;1008260461;512,40;Belgium;Ενδοκοινοτικό;Πελάτες εξωτερικού ΕΕ;;512,40;0,00;512,40
ΠΕΛΑ-00000828;ΚΩΝΣΤΑΝΤΙΝΙΔΗΣ ΚΩΝΣΤΑΝΤΙΝΟΣ ΓΙΑΚΟΥΜΑΚΗΣ ΜΙΧΑΗΛ Ε Ε;803326333;1.281,42;Ελλάδα;Κανονικό Καθεστώς;Πελάτες εσωτερικού;;1.281,42;0,00;1.134,00
ΠΕΛΑ-00000829;Amazing Decor;8431473345;352,00;Poland;Ενδοκοινοτικό;Πελάτες εξωτερικού ΕΕ;;352,00;0,00;317,00
ΠΕΛΑ-00000830;Blumen Spindler GbR;000000000;275,00;Germany;OSS Germany;Πελάτες λιανικής OSS;;275,00;0,00;201,60
ΠΕΛΑ-00000831;Charles & Marie | Shop for great Design;245807871;508,67;Germany;Ενδοκοινοτικό;Πελάτες εξωτερικού ΕΕ;;508,67;0,00;476,46
ΠΕΛΑ-00000832;SAS Pascal Agrapart;000000000;261,67;France;OSS France;Πελάτες λιανικής OSS;;261,67;0,00;185,20
ΠΕΛΑ-00000833;Norkind GmbH;CHE-295.550.139;1.046,47;Switzerland;Τρίτων Χωρών;Πελάτες εξωτερικού ΤΧ;;1.046,47;0,00;897,32
ΠΕΛΑ-00000588;Big League Food Company Wholesale Inc;715020814;6,20;Canada;Τρίτων Χωρών;Πελάτες εξωτερικού ΤΧ;;12.247,20;12.241,00;12.247,20
ΠΕΛΑ-00000634;Veastore;DE296224813;0,00;Germany;Ενδοκοινοτικό;Πελάτες εξωτερικού ΕΕ;;246,01;246,01;200,99
ΠΕΛΑ-00000635;Bazar Chéri;FR58938621356;0,00;France;Ενδοκοινοτικό;Πελάτες εξωτερικού ΕΕ;;366,58;366,58;307,61
ΠΕΛΑ-00000636;Laloba Group s.r.o.;CZ23542705;0,00;Czech Republic;Ενδοκοινοτικό;Πελάτες εξωτερικού ΕΕ;;292,95;292,95;240,55
ΠΕΛΑ-00000638;Wilburs;87607939257;0,00;Australia;Τρίτων Χωρών;Πελάτες εξωτερικού ΤΧ;;799,69;799,69;439,52
ΠΕΛΑ-00000639;My ex boyfriend;0669790443;0,00;Belgium;Ενδοκοινοτικό;Πελάτες εξωτερικού ΕΕ;;1.088,74;1.088,74;940,65
ΠΕΛΑ-00000672;Goodvibes;93392844304;0,00;France;Ενδοκοινοτικό;Πελάτες εξωτερικού ΕΕ;;1.177,80;1.177,80;1.014,54
ΠΕΛΑ-00000673;SARL BONJOUR MAURICE;02881805980;0,00;France;Ενδοκοινοτικό;Πελάτες εξωτερικού ΕΕ;;908,69;908,69;814,13
ΠΕΛΑ-00000674;Se faire plaisir;FR30990376311;0,00;France;Ενδοκοινοτικό;Πελάτες εξωτερικού ΕΕ;;373,82;373,82;182,55
ΠΕΛΑ-00000675;HOME QUARTIER | eventquartier GmbH;276981348;0,00;Germany;Ενδοκοινοτικό;Πελάτες εξωτερικού ΕΕ;;304,91;304,91;204,51
ΠΕΛΑ-00000676;Dorottya Experience Kft.;HU26671903;0,00;Hungary;Ενδοκοινοτικό;Πελάτες εξωτερικού ΕΕ;;644,88;644,88;450,90
ΠΕΛΑ-00000762;World Market Management Services LLC;85-4259684;95.899,20;United States of America;Τρίτων Χωρών;Πελάτες εξωτερικού ΤΧ;;95.899,20;0,00;95.899,20
ΠΕΛΑ-00000465;Milo and CO.;FR38942171323;0,00;France;Ενδοκοινοτικό;Πελάτες εξωτερικού ΕΕ;;0,00;0,00;0,00
ΠΕΛΑ-00000466;Fruterija;100015053016;0,00;Lithuania;Ενδοκοινοτικό;Πελάτες εξωτερικού ΕΕ;;575,95;575,95;488,22
ΠΕΛΑ-00000471;Living & Home Marburg;815373308;533,20;Germany;Ενδοκοινοτικό;Πελάτες εξωτερικού ΕΕ;;533,20;0,00;492,20
ΠΕΛΑ-00000472;Puur Petra;NL001947246B43;0,00;Netherlands;Ενδοκοινοτικό;Πελάτες εξωτερικού ΕΕ;;0,00;0,00;0,00
ΠΕΛΑ-00000473;lempi store oy;FI3357870-6;330,00;Finland;Ενδοκοινοτικό;Πελάτες εξωτερικού ΕΕ;;811,00;481,00;771,00
ΠΕΛΑ-00000474;CASA BONITA;39988666301;0,00;France;Ενδοκοινοτικό;Πελάτες εξωτερικού ΕΕ;;285,95;285,95;256,17
ΠΕΛΑ-00000475;Hausen - noch schöner wohnen;263160923;873,20;Germany;Ενδοκοινοτικό;Πελάτες εξωτερικού ΕΕ;;3.023,61;2.150,41;2.198,91
ΠΕΛΑ-00000476;WhooWhoo UG (haftungsbeschränkt) / Bon Bon Interior;318342016;27,61;Germany;Ενδοκοινοτικό;Πελάτες εξωτερικού ΕΕ;;979,18;951,57;925,71
ΠΕΛΑ-00000287;FLATMAKERS;326567647;1.368,95;Germany;Ενδοκοινοτικό;Πελάτες εξωτερικού ΕΕ;;5.367,45;3.998,50;3.893,72
ΠΕΛΑ-00000713;Creative Solutions;184440736;0,00;Germany;Ενδοκοινοτικό;Πελάτες εξωτερικού ΕΕ;;163,00;163,00;163,00
ΠΕΛΑ-00000428;Anja Lebherz;338308265;496,90;Germany;Ενδοκοινοτικό;Πελάτες εξωτερικού ΕΕ;;1.301,39;804,49;695,72
ΠΕΛΑ-00000429;Uluwatu House;CHE-264211546;0,00;Switzerland;Τρίτων Χωρών;Πελάτες εξωτερικού ΤΧ;;602,38;602,38;-80,63
ΠΕΛΑ-00000431;CHAT NOIR AG;CHE.100.979.555;12,90;Switzerland;Τρίτων Χωρών;Πελάτες εξωτερικού ΤΧ;;1.237,79;1.224,89;707,51
ΠΕΛΑ-00000432;Pierre Papier Ciseaux;FR56943116012;0,00;France;Ενδοκοινοτικό;Πελάτες εξωτερικού ΕΕ;;363,48;363,48;0,00
ΠΕΛΑ-00000433;ΓΙΑΛΟΣ ΣΚΙΑΘΟΣ Ε Ε;802799593;0,00;Ελλάδα;Κανονικό Καθεστώς;Πελάτες εσωτερικού;ΕΣΤΙΑΤΟΡΙΟ;0,00;0,00;0,00
ΠΕΛΑ-00000434;LIVLII AS;NO931211390;-62,66;Norway;Τρίτων Χωρών;Πελάτες εξωτερικού ΤΧ;;1.023,23;1.085,89;0,00
ΠΕΛΑ-00000435;Lioba Nordhoff | Nadia Wadoud GbR;DE296709092;0,00;Germany;Ενδοκοινοτικό;Πελάτες εξωτερικού ΕΕ;;594,69;594,69;0,00
ΠΕΛΑ-00000437;BIG KIDS;36795153725;439,20;France;Ενδοκοινοτικό;Πελάτες εξωτερικού ΕΕ;;901,97;462,77;810,14
ΠΕΛΑ-00000438;Maison Dauba;FR49813219656;0,00;France;Ενδοκοινοτικό;Πελάτες εξωτερικού ΕΕ;;0,00;0,00;0,00
ΠΕΛΑ-00000439;Mimosa saint tropez;79951947126;0,00;France;Ενδοκοινοτικό;Πελάτες εξωτερικού ΕΕ;;222,59;222,59;192,18
ΠΕΛΑ-00000440;Nykvist;932155877;0,00;Norway;Τρίτων Χωρών;Πελάτες εξωτερικού ΤΧ;;0,00;0,00;0,00
ΠΕΛΑ-00000708;Kitzmann- Das Wohnstudio GmbH;457467219;0,00;Germany;Ενδοκοινοτικό;Πελάτες εξωτερικού ΕΕ;;648,10;648,10;604,20
ΠΕΛΑ-00000709;Hotel Josef;25654811;0,00;Czech Republic;Ενδοκοινοτικό;Πελάτες εξωτερικού ΕΕ;;346,00;346,00;313,20
845;;;803.873,26;;;;;;;
